//===========================================================
// Generated on 2021-Jan-19_11:19:06 
//===========================================================
// This Firmware Was Generated Using The Following Settings: 
//===========================================================
// PMA            = 2.8
// RAW            = 1.14
// FW             = 2.0_4
// SET_EXCEL_REV  = 0.53
// ADPT_REVISION  = 0.47
// REG_ADDR_DEF   = 26
// PROCESS        = x328_e32_tsmc16ffc_plus
//===========================================================
//========================================================================================================================================================================================

// PARAM_1  = x328_e32_tsmc16ffc_plus/reg_addr.def
// PARAM_2  = x328_e32_tsmc16ffc_plus/cal_set.def.asic
// PARAM_3  = x328_e32_tsmc16ffc_plus/adapt_set.def.asic
// PARAM_4  = fw_2.0_4
// PARAM_5  = X328_ARCH
// PARAM_6  = PCS_RAW_1.14
// PARAM_7  = CONTEXT
// PARAM_8  = MM
// PARAM_9  = 
// PARAM_10 = PMA_2.8
// PARAM_11 = DATA_DEL_2
// PARAM_12 = DM_RANGE_CTRL
// PARAM_13 = 
// PARAM_14 = SHORT_CHANNEL
// PARAM_15 = release_code
//=====================
// ROM DATA -- ASIC
//=====================
081D
FFFF
D362
D34B
D37D
1CC0
A2C4
D2F1
02A6
D009
D34C
D62D
D4CD
D35D
D35E
0C1E
080F
4000
D22B
080F
1000
D243
080F
4000
D240
080F
8000
D240
1CC1
A021
1CC3
A0AA
8138
0C6F
0417
0003
0C6F
04B6
0002
0C4F
D408
0C4E
1C9D
A02D
8031
0406
0003
0C4F
D49D
D365
D364
080F
0100
D36A
0315
0358
D49C
DD31
D52C
0C4F
D40A
080F
8000
D355
080F
2000
D355
D367
D372
D370
D371
080E
4000
1C0F
A13B
DCC7
DC9B
DCCB
DCCC
D41A
DCE9
DCE7
DCE5
DCE3
DCEB
DCED
080F
0020
D375
0E0F
D376
080F
0200
D376
080F
4000
D376
0E0F
D375
0D0E
1E2C
0C2F
2E67
080F
0400
D405
0C4F
DA87
0D0F
DA87
0E0F
D287
080F
4000
D364
080F
0030
D220
0C4F
D42B
0E0F
D40C
1D05
A07F
D61F
D61D
808F
31AC
0C6D
558D
A086
D61F
D61D
808F
5C2D
A08B
D6C4
D6C2
808F
5C2D
A08F
D62A
D628
0C2E
1F08
080F
0100
2E44
0C2E
1F09
080F
0200
2E44
0C2E
1F0A
080F
0400
2E44
0C2F
D708
0C2F
D709
0C2F
D70A
D36C
D36A
0DEF
04B6
0002
80AE
D49B
080F
0F00
D644
04CD
0020
0368
1E38
0368
0E38
D49C
0C2F
D708
0C2F
D709
0C2F
D70A
DD31
1E97
A0BF
80C2
1C5E
A0C2
80DE
0C4F
D287
0D0F
D287
0FEF
040C
0010
1C9B
A0CC
80D4
D406
0C4F
DC08
1C5D
A0D2
80CF
1CB7
A0D2
0C6F
D4B6
0C4F
D408
0C4F
DC9D
0806
00E1
0C39
8D6C
0816
00E1
8E12
0C4F
D49D
1CDF
A0E6
80EC
0C1B
0C3C
0806
00EC
0C3F
8ABA
DCE0
1D10
2D12
D406
DD16
DCC9
1CB7
A0F2
1C68
A103
080E
8000
1CA3
A0FB
8103
080E
00E0
1CA3
A100
8103
7402
5C2D
80FE
080E
0100
1E44
0C2F
2F08
080E
0200
1E44
0C2F
2F09
080E
0400
1E44
0C2F
2F0A
080E
1000
1E44
0C8F
2F08
080E
2000
1E44
0C8F
2F09
080E
4000
1E44
0C8F
2F0A
080E
8000
1E50
A12D
1A9D
1A9D
2E40
080E
4000
1E50
A138
8138
0640
2000
080E
4000
1E50
A134
8138
080E
3FFF
1E50
2E40
0C4F
D417
D4CD
1CD2
A140
1CCE
A16F
81B2
0C2F
DC03
0C8F
DC03
0C4F
D4FC
0C2F
DCFC
0C6F
04B4
0002
0C2F
D408
0C2E
1C9D
A151
8155
0401
0003
0C2F
D49D
D49C
080F
0080
DA5E
080F
0040
D25E
0C2E
1C02
A1B2
DCD3
DC9B
DCA2
080F
2000
D400
080F
0040
D4F8
0CEF
04B0
0003
080F
0020
D4B0
8172
D49B
04A2
0002
04CD
0200
1C9B
A177
8183
D401
1C5E
A17B
8180
0C2F
DC08
1C5C
A180
817D
0C2E
1CB5
A180
D4CD
8AE6
04CD
0200
0C2F
D4FC
0C6F
D4B4
0C2F
D408
0C2E
1C93
A191
8197
0C2F
DC9D
0806
019C
0C39
8BCD
0CEF
DA5E
080F
0080
DA5E
0C2F
D49D
1CDD
A1A1
81A7
0C3B
0C1C
0806
01A7
0C3F
8ABA
DCDE
DCFB
DCCF
0E0F
D403
0C8F
D403
D2F1
02A6
D009
D4CD
DCC8
DCD5
0C4E
1CDA
A1B8
81BC
04CD
0163
0C7F
8A4E
D4CD
1CEC
A1C0
81E1
1CE2
A1C3
81E1
1CE8
A1E1
1CE6
A1E1
1CE4
A1E1
1CEA
A1E1
04CD
0020
080F
0100
DB6C
080E
007F
1D14
31A4
080E
0080
1D14
0807
01DB
0C7F
8B95
080F
0100
D36C
DCE3
DCED
D4CD
04CD
0020
0C7F
8000
D4CD
1CC6
A219
1CC5
A261
04CD
0220
1CD8
A1EF
81F6
0806
01F3
0C99
8BCD
DCD9
DCD7
DCCF
1CD6
A1F9
8202
0C59
0806
01FD
8BCD
DCD7
DCCF
D2F1
02A6
D009
1C6F
A218
0C2E
1C0F
A218
0C4E
1C02
A218
0C2E
1C19
A218
0C2E
1C04
A218
1D02
A215
1D03
A215
8218
33FE
0C3F
8036
8000
080E
0100
1E44
0C2F
2F08
080E
0200
1E44
0C2F
2F09
080E
0400
1E44
0C2F
2F0A
1D05
31AC
A22F
0C2E
1E1F
A252
8238
5C2C
A235
0C2E
1E2A
A252
8238
0C2E
1EC4
A252
0304
4000
DAC6
DB16
04CD
0020
080F
0020
D375
0E0F
D376
080F
0200
D376
080F
4000
D376
0E0F
D375
0807
024F
0C7F
8BD9
0807
0252
8A8A
1C9C
A257
1C19
A257
DC1A
D49C
D4CD
DCCC
DCCB
D41A
0D0E
1E2C
0C2F
2E67
8000
D49C
0C6E
1C0A
31AC
422D
A268
826A
5C4C
A2B2
080E
0800
1C0F
A2B2
1F0B
A2B2
1D05
31AC
A27A
0C2E
1E1F
A277
828A
0C2F
DF08
828B
5C2C
A283
0C2E
1E2A
A280
828A
0C2F
DF09
828B
0C2E
1EC4
A287
828A
0C2F
DF0A
828B
828F
DCCB
0806
01EA
8A7F
DC9C
D531
1D05
A299
0C2F
D708
080F
0100
D644
82B2
31AC
0C6D
558D
A2A3
0C2F
D708
080F
0100
D644
82B2
5C2D
A2AB
0C2F
D70A
080F
0400
D644
82B2
5C2D
A2B2
0C2F
D709
080F
0200
D644
DCCB
0806
0000
1C68
A2B8
82BB
1C9C
AA2B
8A48
0C2E
1E67
0D0F
2E2C
0C2F
D667
04CD
0020
8903
D4C0
D62D
0CEF
DAA1
080F
0100
DF2E
1E14
A4E2
82DC
080F
0200
DB77
0E0F
DB77
080F
1000
DB4E
080F
0080
DB4E
1C67
A902
85AA
0178
2004
0179
098B
00AA
2800
00AB
5018
00AC
7840
00AD
FF68
00CA
1F00
00CB
3F20
072C
034A
080F
0200
D252
080F
0400
DA52
0640
2000
064A
01F0
080E
4000
1C0F
A2F8
0C2F
D420
0C4F
DC20
0C2E
1C02
A300
0C8F
D420
0D0F
DC20
080E
1000
1E44
0C8F
2F08
080E
2000
1E44
0C8F
2F09
080E
4000
1E44
0C8F
2F0A
080F
01C0
02A1
0003
D418
0D8F
0418
0003
080F
0020
DC18
0816
0324
8AA5
1C6D
A327
8329
028D
1349
1C6E
A32C
832E
028E
006B
1C6A
A332
025A
0518
1C6B
A335
8338
080F
0400
DA5C
1C96
A33B
834E
080F
8000
DA59
080F
0080
DA59
080F
8000
DA5D
080F
00C0
0261
0003
080F
0800
DA5B
080F
0080
DA7B
1C6C
A351
8354
080F
8000
DA86
1C69
A357
835D
080F
0200
D870
080F
0020
D874
1C5E
A360
8367
0C4F
D4FC
0C2F
DCFC
0C6F
04B4
0002
080F
0040
DCF8
0D0F
D403
0E0F
DC03
025E
0007
1C5E
A374
837A
837A
0DEF
0401
0005
1C5C
A37A
8377
1C5E
A37D
8384
0C2E
1C4C
A381
8384
0C8E
1C49
8387
080E
4000
1C33
A38B
080E
8000
1C45
2E46
080E
0200
1C2A
A391
8394
1E46
A394
83A7
1946
A3A7
0C2E
1958
A3A7
0C2F
D958
1C69
A3A0
00A0
000F
83A2
00A1
0018
83A5
0C2F
D4B0
0C8F
DCB0
080E
0200
1C2A
5C2D
A3AD
83B0
1E46
A3B0
83C4
194C
A3C4
0C8E
1958
A3C4
0C8F
D958
1C69
A3BC
00C0
000F
83BE
00C1
0018
83C1
0C4F
D4B0
080F
0020
DCB0
1C5E
A3C9
0DEF
0401
0005
1C6C
A3CC
83D6
0284
041D
0285
2E68
080F
0080
DAA6
080F
1000
DAF4
0FEF
040C
0010
0D0F
D287
080F
0400
DC05
1C5E
A3E1
83E4
0C6F
04B6
0002
0406
0006
1C5D
A3E9
83E6
195C
A3EE
D95C
0C3F
8A7A
0806
03F4
0C1B
0C1C
0C3F
8AB7
1C5E
A3F7
83F9
0C6F
D4B6
DD16
1C19
A3F9
82CE
1C67
A400
8408
0C17
0816
0404
8EA4
0C37
0816
0408
8EA4
0C6F
D62C
080E
0200
1C2A
A40F
8412
1E46
A412
8426
1946
A426
0C6E
1958
5C6D
A419
8426
0C2E
1CB3
A41D
8419
0816
0420
8ECA
194E
28A9
00A0
001F
0C4F
D958
1945
2956
0C2F
DE2C
080E
0200
1C2A
5C2D
A430
8433
1E46
A433
8449
194C
A449
0D8E
1958
5C6D
A43A
8449
0C4E
1CB3
A43E
843A
0816
0443
33FE
0C3F
8000
194F
28C9
00C0
001F
0D0F
D958
194B
2957
0C4F
DE2C
0C19
1C5E
A451
8455
0C2F
D4FC
0C6F
D4B4
DCFB
1C04
A455
1C94
A45D
0806
0481
8BCD
0E0F
D403
0C17
0816
0463
8E7E
0C37
0816
0467
8E7E
080F
0080
DA5E
080F
0040
DA5E
0CEF
DA5E
0D8F
0401
0003
DCFB
1C04
A476
8472
080F
0040
D4F8
0D8F
D401
080F
0080
D25E
080F
0040
D25E
D2F1
02A6
D009
0C2E
1E2C
A488
8489
D90C
0C4E
1E2C
A48D
848E
D931
D4B0
0405
0018
0816
0498
0C4F
DA87
0D0F
DA87
8E12
0E0F
D40C
080F
0100
DAA1
080F
0200
D377
0E0F
D377
D364
D365
080F
1000
D366
080F
0600
D252
1CAC
A4B5
0406
0007
0406
0006
DD16
1C19
A4B0
0406
0004
0418
0003
0E0F
DC18
7005
D364
D365
080F
1000
D366
DCC7
DCC8
DCC9
DCD3
DCD5
DCCF
1D10
2D12
DE14
197D
A4D2
0C4F
D420
0D0F
D420
0C2F
D420
0C8F
D420
D429
0C4E
1CDA
A4D8
0CEF
DA5E
0CEF
DA5E
080F
0080
DA5E
0C8F
D403
0C4F
D417
8000
080E
4000
1C0F
A4E2
0C2E
1C02
A4E6
0C2F
D420
0C8F
D420
0C4F
DC20
0D0F
DC20
0178
2004
0179
098B
00AA
2800
00AB
5018
00AC
7840
00AD
FF68
00CA
1F00
00CB
3F20
0E0F
D403
0C2F
D708
0C2F
D709
0C2F
D70A
080E
1000
1E44
0C8F
2F08
080E
2000
1E44
0C8F
2F09
080E
4000
1E44
0C8F
2F0A
194E
28A9
194F
28C9
0816
051F
8AA5
1C6D
A522
8524
028D
1349
1C6E
A527
8529
028E
006B
1C96
A52C
853F
080F
8000
DA59
080F
0080
DA59
080F
8000
DA5D
080F
00C0
0261
0003
080F
0800
DA5B
080F
0080
DA7B
1C6C
A542
8545
080F
8000
DA86
1C69
A548
8552
00A1
0018
00C1
0018
080F
0200
D870
080F
0020
D874
0816
0555
8E30
0DEF
0401
0005
1C5C
A55B
8558
0405
0018
DB62
1E66
2B5F
0816
0563
8AB2
D362
0816
0567
8E12
D406
1C5D
A56B
8568
DD16
1C19
A56B
1C6C
A571
857B
0284
041D
0285
2E68
080F
0080
DAA6
080F
1000
DAF4
DCFB
1C04
A57B
0C3F
0806
0582
8AB7
1F2A
080F
0300
2B66
080F
2000
DB66
1C6A
A58D
025A
0518
1C6B
A590
8593
080F
0400
DA5C
1C69
A596
859B
0C2F
D869
0C2F
D061
859F
0C2F
D069
0C2F
D061
0C2E
1E2C
A5A3
85A4
D90C
0C4E
1E2C
A5A8
85A9
D931
84BA
0200
0004
0FE1
1963
542D
B5B2
0C0D
85B4
0C6D
85B4
2F2A
1E49
A5B8
85BC
080E
0300
1A4D
2F2A
1F2A
080F
0300
2B66
080F
2000
DB66
0300
03FF
DB01
D302
D303
D320
0305
2408
0310
0008
035D
0050
035E
030C
02F1
0050
02F2
6A04
02F4
6008
02F5
0808
0355
0800
035E
00C3
0364
034F
0365
01F8
02F1
0010
02F2
4C04
036F
0004
0C2F
DB6F
1C71
A5F4
080E
0080
1F2E
A5F4
6C80
080E
01FF
1AF6
2E00
035E
01C7
02F1
0040
036F
0004
1C71
A605
080E
0040
1F2E
A605
6C80
080E
01FF
1AF6
2E07
035E
0104
02F1
0020
D36F
1C71
A611
6C80
080E
01FF
1AF6
2E01
0365
01A0
02F1
0040
036F
0004
0C2F
DB6F
1C71
A624
080E
0040
1F2E
A624
6C80
080E
01FF
1AF6
2E07
035E
0186
02F1
0030
D36F
1C71
A630
6C80
080E
01FF
1AF6
2E02
080E
0400
1C0F
A636
0C19
8637
0C59
0806
063A
8D6C
080E
0100
1F2E
A63F
8694
0300
03FF
DB01
D302
D303
D311
D312
D313
D314
D320
0304
4000
0305
2408
0315
0358
D31E
031F
4321
0310
0008
0355
0800
035D
0058
035E
0104
0364
074F
0365
01A0
0368
0E38
D369
D370
D371
D372
02F1
0020
02F2
4C04
02F3
0F00
02F4
6008
02F5
0808
02A6
D009
080E
0400
1C0F
A675
8689
080F
2000
DB64
0647
29F8
080E
00FF
1E47
080F
00FF
2B66
080E
0C00
1E47
080F
0C00
2B66
080F
1000
DB66
036F
0004
0C2F
DB6F
1C8F
A694
6C80
080E
01FF
1AF6
2D3A
035E
0186
02F1
0030
D36F
1C8F
A6A0
6C80
080E
01FF
1AF6
2D1D
0300
01FF
0301
AAAA
0302
2800
0304
7000
035D
0008
D35E
0368
1820
1C72
A6B6
0807
06B6
0C3F
080D
0155
0EE2
8DE0
02F1
0170
02F2
1004
02F4
4000
02F5
0028
02A6
F009
1C72
A6C7
6C80
080E
01FF
1AF6
2E09
0368
1A28
1C72
A6D2
0807
06D2
0C3F
080D
0156
0F02
8DE0
02F1
0180
02A6
F009
1C72
A6DD
6C80
080E
01FF
1AF6
2E0A
0301
5555
0302
1400
0368
1820
1C72
A6EC
0807
06EC
0C3F
080D
0255
0F62
8DE0
02F1
01B0
02A6
F009
1C72
A6F7
6C80
080E
01FF
1AF6
2E0B
0368
1A28
1C72
A702
0807
0702
0C3F
080D
0259
0F82
8DE0
02F1
01C0
02A6
F009
1C72
A70D
6C80
080E
01FF
1AF6
2E0C
0301
AAAA
0302
2800
0368
1FBE
1C72
A71C
0807
071C
0C3F
080D
0155
0F22
8DE0
02F1
0190
02A6
F009
1C72
A727
6C80
080E
01FF
1AF6
2ECE
0368
1DB6
1C72
A732
0807
0732
0C3F
080D
0165
0F42
8DE0
02F1
01A0
02A6
F009
1C72
A73D
6C80
080E
01FF
1AF6
2ECF
0301
5555
0302
1400
0368
1FBE
1C72
A74C
0807
074C
0C3F
080D
0255
0FA2
8DE0
02F1
01D0
02A6
F009
1C72
A759
0800
06D0
6C80
080E
01FF
1AF6
2ED0
0368
1DB6
1C72
A764
0807
0764
0C3F
080D
0295
0FC2
8DE0
02F1
01E0
02A6
F009
1C72
A76F
6C80
080E
01FF
1AF6
2ED1
0300
03FF
DB01
D302
D303
D311
D312
D313
D314
D320
0304
4000
0305
2408
0315
0358
D31E
031F
4321
0310
0008
0355
0800
035D
0048
035E
01A2
0365
01A0
0368
0E38
D369
D370
D371
D372
02F1
0240
02F2
1004
02F3
0F00
02F4
E008
02F5
0808
02A6
D009
D36F
0C2E
1E12
A7A7
6C80
080E
01FF
1AF6
2D1B
080E
0100
1F2E
A7AC
87BD
02F1
0030
02F2
4C04
02F4
6008
02A6
D009
D36F
0C2E
1E12
A7BD
6C80
080E
01FF
1AF6
2D1C
0300
01FF
0301
AAAA
0302
2800
D303
D311
D312
D313
D314
D320
0304
7000
0305
2408
0315
0358
D31E
031F
4321
0310
0008
0355
0800
035D
0008
D35E
0365
01A0
0368
1FBE
D369
D370
D371
D372
0C2E
1E12
A7EB
0807
07EB
0C3F
080D
0155
0F22
8DE0
02F1
0190
02F2
1004
02F3
0F00
02F4
4000
02F5
0028
02A6
F009
0C2E
1E12
A805
6C80
080E
01FF
1AF6
16CE
558D
B804
D635
0C0D
8805
2E35
0301
5555
0302
1400
0C2E
1E12
A813
0807
0813
0C3F
080D
0255
0FA2
8DE0
02F1
01D0
02A6
F009
0C2E
1E12
A82A
6C80
080E
01FF
1AF6
16D0
558D
B824
D636
0C0D
8825
2E36
1635
518D
422D
2E35
2E36
DB62
0363
0024
0360
0100
DB6E
1D1D
0363
0003
2B60
DB6E
D362
080E
0400
1C0F
A83B
883F
0C19
0806
083F
8D63
0300
01FF
0301
AAAA
0302
2800
D303
D311
D312
D313
D314
D320
0304
6800
0305
2408
0315
0358
D31E
031F
4321
0310
0008
0355
0800
035D
0008
D35E
0365
01A0
0368
0E38
D369
D370
D371
D372
1C7D
A86B
0807
086B
0C3F
0CED
0FE2
8E29
02F1
01F0
02F2
1004
02F3
0F00
02F4
4000
02F5
0028
02A6
F009
1C7D
A87E
6C80
080E
01FF
1AF6
2E03
0301
5555
0302
1400
1C7D
A88B
0807
088B
0C3F
0D6D
0802
0020
8E29
02F1
0200
02A6
F009
1C7D
A896
6C80
080E
01FF
1AF6
2E04
080E
0400
1C0F
A89E
0C59
0806
089E
8D63
0300
01FF
0301
AAAA
0302
2800
D303
D311
D312
D313
D314
D320
0304
7000
0305
2408
0315
0358
D31E
031F
4321
0310
0008
0355
0800
035D
0008
D35E
0365
01A0
0368
0E38
D369
D370
D371
D372
1C8E
A8CB
0807
08CB
0C3F
0DAD
0802
0021
8E29
02F1
0210
02F2
1004
02F3
0F00
02F4
4000
02F5
0028
02A6
F009
1C8E
A8DE
6C80
080E
01FF
1AF6
2E0D
0301
5555
0302
1400
1C8E
A8EB
0807
08EB
0C3F
0DCD
0802
0022
8E29
02F1
0220
02A6
F009
1C8E
A8F6
6C80
080E
01FF
1AF6
2E0E
1B5F
2E66
0816
08FB
8AB2
D35D
D35D
0368
0E38
D200
D355
D362
83FD
1C76
A932
0E0F
DA87
1D05
31AC
A917
1C9C
A90E
D61F
D61D
D6A4
D6A6
D6A5
D6A7
D6E9
D6EB
D6EA
D6EC
8932
5C2C
A926
1C9C
A91D
D62A
D628
D6D2
D6D4
D6D3
D6D5
D6ED
D6EF
D6EE
D6F0
8932
1C9C
A92A
D6C4
D6C2
D6D6
D6D8
D6D7
D6D9
D6F1
D6F3
D6F2
D6F4
04CD
0030
0807
0937
8A8A
0D0F
D64B
1C78
A965
1C9C
A965
080F
0100
DB6C
0DEE
1EE0
31AC
080E
0380
1A31
A948
894D
422D
A94C
402C
894D
404C
3185
1C74
A953
1C21
31A4
8954
0C04
54A4
B95A
5485
31A4
0C0D
895C
31A4
0C2D
0807
0960
0C7F
8B95
1D12
2C90
080F
0100
D36C
1D04
5C6D
A96A
0D41
896B
0C01
1E35
502D
31A0
432D
A971
8973
0800
01FF
250E
1E36
502D
31A0
432D
A97A
897C
0800
01FF
250F
1C9C
A980
8983
33FE
0C7F
8DAB
080F
0020
DB75
0E0F
D376
080F
0200
D376
080F
4000
D376
0E0F
D375
0C8F
DB5D
33FE
0C5F
8241
33FE
0C3F
8778
04CD
0030
1C9C
A99D
89B5
04CD
0020
1D05
A9A4
0C2F
DF08
89B4
31AC
0C6D
558D
A9AB
0C2F
DF08
89B4
5C2D
A9B0
0C2F
DF0A
89B4
5C2D
A9B4
0C2F
DF09
8A2B
080E
3800
1A3A
31A0
0C2E
1A49
31A1
080E
0FFF
1A4D
31B8
080E
0300
1F2A
31A2
080E
2000
1A31
A9CA
0C23
89CB
0C03
1D05
A9E1
0C2F
DE1F
300D
0CEF
2F3E
302D
0C2F
2F40
330D
080F
0FFF
2F3F
304D
080F
0300
2F3F
306D
0C4F
2F40
8A24
31AC
0C6D
558D
A9F9
0C2F
DE1F
300D
0CEF
2F3E
302D
0C2F
2F40
330D
080F
0FFF
2F3F
304D
080F
0300
2F3F
306D
0C4F
2F40
8A24
5C2D
AA0F
0C2F
DEC4
300D
0CEF
2F44
302D
0C2F
2F46
330D
080F
0FFF
2F45
304D
080F
0300
2F45
306D
0C4F
2F46
8A24
5C2D
AA24
0C2F
DE2A
300D
0CEF
2F41
302D
0C2F
2F43
330D
080F
0FFF
2F42
304D
080F
0300
2F42
306D
0C4F
2F43
1CA0
AA2B
1E5A
5C2D
2E5A
1CA1
2E5B
04CD
0020
0C6F
04B6
0003
1CB7
AA33
8A30
0C2F
D4B6
1CB7
AA35
0C4F
D4B6
0E0F
D287
0E0F
D376
080F
0200
D376
080F
4000
D376
0E0F
D375
1C9C
AA48
8A7A
04CD
0030
1C9C
AA4D
8A65
04CD
0020
1D05
AA54
0C2F
DF08
8A64
31AC
0C6D
558D
AA5B
0C2F
DF08
8A64
5C2D
AA60
0C2F
DF0A
8A64
5C2D
AA64
0C2F
DF09
8A7A
1D05
AA6A
0C2F
DE1F
8A7A
31AC
0C6D
558D
AA71
0C2F
DE1F
8A7A
5C2D
AA76
0C2F
DEC4
8A7A
5C2D
AA7A
0C2F
DE2A
D4CD
1C9C
AA7F
DC1A
8A80
DD31
1CC6
AA83
8A80
D41A
DCCC
080F
0400
D305
D49C
9006
081C
0512
081B
0513
0803
036C
080F
0100
DB6C
1D12
31A4
1D10
31A5
5485
AA9A
8AA3
BA9D
5E3C
8A9E
5A3C
080F
00FF
3F63
DB6D
8A93
D36C
9007
DB4B
034F
0100
D34E
DB4D
D34B
DB62
0360
0100
D363
DB6E
D362
9016
DB62
1E00
2B60
DB63
DB6E
1E07
2B60
0363
0004
DB6E
1E01
2B60
0363
0002
DB6E
1E02
2B60
0363
0003
DB6E
1E03
2B60
0363
001F
DB6E
1E04
2B60
0363
0020
DB6E
D362
1E09
2ABA
1E0A
2ABB
1ECE
2AC0
1ECF
2ACF
1E0B
2ABC
1E0C
2ABD
1ED0
2AC1
1ED1
2AD0
1E0D
2AC4
1E0E
2AC5
9016
080E
0200
1C2A
AAEC
1950
AB95
080E
0200
1C2A
5C2D
AAF3
1951
AB95
080E
0200
1C2A
AAFA
1946
AB84
8B01
080E
0200
1C2A
5C2D
AB01
194C
AB84
080E
0200
1C2A
AB07
1950
AB95
080E
0200
1C2A
5C2D
AB0E
1951
AB95
080E
0200
1C2A
AB15
194E
28A9
D950
080E
0200
1C2A
5C2D
AB1D
194F
28C9
D951
1C69
AB31
080E
0200
1C2A
AB27
1946
AB27
00A0
000F
080E
0200
1C2A
5C2D
AB35
194C
AB35
00C0
000F
8B35
00A1
0018
00C1
0018
080E
0200
1C2A
AB3E
1946
AB3E
0C2F
DCB0
8B40
0C2F
D4B0
080E
0200
1C2A
5C2D
AB4A
194C
AB4A
0C4F
DCB0
8B4C
0C4F
D4B0
080E
0200
1C2A
AB52
0C8F
DCB0
080E
0200
1C2A
5C2D
AB5A
080F
0020
DCB0
080E
0200
1C2A
AB64
1946
AB64
0C2E
1CB3
AB64
8B60
080E
0200
1C2A
5C2D
AB6F
194C
AB6F
0C4E
1CB3
AB6F
8B64
080E
0200
1C2A
AB78
1946
AB78
0816
0B78
8ECA
080E
0200
1C2A
5C2D
AB84
194C
AB84
0816
0B84
33FE
0C3F
8000
0816
0B89
33FE
0C3F
8023
080E
0200
1C2A
AB8E
D150
080E
0200
1C2A
5C2D
ABA2
D151
8BA2
080E
0200
1C2A
AB9B
1950
AB95
080E
0200
1C2A
5C2D
ABA2
1951
AB9B
D4B0
7005
1EA0
ABA7
8BB0
1EA0
ABAA
8BB0
0C2F
D493
0816
0BAF
8E30
8BB7
0C8F
DA5E
080F
0080
D25E
0C2F
DC93
080E
0200
1C2A
ABBD
1945
2956
080E
0200
1C2A
5C2D
ABC4
194B
2957
0C2E
1C93
ABCC
0CEF
DA5E
080F
0080
DA5E
8185
02F1
0410
02A6
D009
0C2F
D62D
080E
0E00
1A0D
ABD9
0C17
8BDA
0C37
0C18
0C82
5459
ABDF
8CE0
DB4C
0304
5C00
0C62
5459
BC4A
080E
7FFC
1C02
080F
1FFF
2C00
080E
0600
1C2A
0C42
5459
ABF2
8C0F
080F
0040
DCF8
0D0F
D403
0E0F
DC03
025E
0007
0D8F
0401
0003
DCFB
1C04
AC02
8BFE
0D8F
0401
0002
1C04
AC05
1E14
AC0A
8C0D
1EA0
ACE0
0C38
32ED
8C17
080E
0E00
1A0D
31A2
5C42
BC16
8C1A
0C2D
080F
01C0
2C00
025A
8518
0C6F
D400
080F
0400
DC00
080F
2000
DC00
0D8F
0401
0003
DCFB
1C04
AC2B
8C27
0D8F
0401
0002
1C04
AC2E
33FE
0C5F
0807
0C35
8000
034F
0100
0CEF
D34E
DB4D
332D
AC43
1C81
ACB2
0300
007F
0310
0008
8C50
1C84
ACB2
0300
0017
0310
0008
8C50
0300
007F
0304
1C00
0310
0008
DB01
D302
D303
0305
2408
0800
034F
0C62
5459
BC6A
0807
0C61
33FE
0C5F
037D
0231
8167
2C90
0807
0C69
33FE
0C5F
037D
0252
819E
2C91
0807
0C8A
33FE
0C62
5459
BC75
33FE
0C5F
037D
0231
81CD
0C41
0C62
0CEF
DB4E
DB4B
DB4C
037D
0231
0807
0C88
32ED
AC83
1F03
8C84
1EE3
35A0
33FE
0C3F
813B
380D
2C90
D34B
0C42
5459
AC8F
8C8F
0807
0CB0
33FE
0C62
5459
BC9A
33FE
0C5F
037D
0252
8207
0C41
0C62
0CEF
034E
0002
DB4B
DB4C
037D
0252
0807
0CAE
32ED
ACA9
1F04
8CAA
1EE4
35A0
33FE
0C3F
813B
380D
2C91
D34B
D37D
0C42
5459
ACB6
8CE0
1C90
31A4
1C91
31A5
1F01
31A2
0816
0CBF
8E48
0C62
5459
BCC3
8CC9
0816
0CC6
8E30
0C3F
33FE
9006
1E14
ACD9
0C2E
1E2D
ACD9
0816
0CD1
8E7E
0C2F
DE2D
32ED
ACD7
0C37
8CD8
0C17
8C07
0C2F
D62D
330D
0816
0CDF
8E7E
0C17
D34C
D34B
0D8F
0401
0002
DCFB
1C04
ACE5
025E
0007
080E
7FFC
1C02
080F
1FFF
2C00
080E
0600
1C2A
0C6F
0400
0002
080F
0400
D400
080F
2000
DC00
080F
0080
DA5E
080F
0040
DA5E
0D0F
D202
080E
00F0
1F32
080F
0F00
2B4E
0DEE
1F32
080F
0078
2B4E
0D8F
0401
0003
DCFB
1C04
AD16
8D12
0D8F
0401
0002
DCFB
1C04
AD19
DA5E
080F
0080
DA5E
0E0F
D403
080F
0080
DA5E
080F
0040
DA5E
080F
2000
D400
0D8F
0401
0003
0C42
5459
AD32
8D38
0816
0D35
8E1F
0816
0D38
8E30
DCFB
332D
AD3C
8D48
1CA2
0C22
544D
AD41
8D48
0C42
5459
AD45
8D48
0C82
5459
AD4B
1C04
AD4B
8D48
080E
0040
1A5E
AD4B
0D8F
D401
0C4E
1CDA
AD56
0CEF
DA5E
080F
0040
D4F8
0CEF
DA5E
080F
0080
DA5E
1C6A
AD62
025A
0518
9006
080F
0200
DC05
0816
0D69
8DE8
0816
0D6C
8E0C
02F1
0140
02A6
D009
080E
0380
1A31
31B7
1E14
AD7B
080F
01C0
02A1
0003
8DA4
0816
0D7E
8DE8
0816
0D81
8E0C
080E
07FE
1C0F
2C05
32ED
5C4D
BD89
8D8E
0C37
32ED
0CEF
2C05
8D94
080E
0060
1A31
5C4D
BD94
8D9E
080F
00C0
D405
080F
0038
0405
0003
080F
0400
DC05
0816
0DA1
8DE8
0816
0DA4
8E0C
32ED
ADA9
1C8C
ADB7
8DAB
1C8B
ADB7
080E
2000
1A31
31B8
0C3F
8335
332D
5C4D
ADB5
8DE6
0C3F
8711
1E14
ADC7
0C2E
1E2D
ADC7
0816
0DBF
8EA4
32ED
ADC3
0C37
8DC4
0C17
0C2F
DE2D
8D8A
0C2F
D62D
0816
0DCC
8EA4
1E14
ADD2
080F
0100
DAA1
8DE2
0E0F
D40C
080F
0400
D405
0816
0DDA
8DE8
0816
0DDE
0C3F
8E70
0C4F
DA87
0D0F
DA87
0D0F
D406
1D10
2D12
0C1F
9006
080F
0200
D377
0E0F
D377
332D
ADF0
8E04
332D
5C4D
ADF4
8E04
080F
6000
D364
080F
0200
D364
0D0F
D364
080F
0100
D365
0C8F
D365
080F
1000
D366
0D8F
0406
0003
DD16
1C19
AE0B
8E07
9016
0D8F
0406
0002
1C19
AE0F
9016
1EE5
2ACB
1EE6
2ACC
1EFE
2ACD
1EFF
2ACE
1EE7
2AC9
1EE8
2ACA
9016
1F03
080F
01FF
2A6A
1EE3
080F
01FF
2A6B
1F04
080F
01FF
2A6C
1EE4
080F
01FF
2A6D
9016
1F03
080F
01FF
2A6A
1EE3
080F
01FF
2A6B
0CEF
DB4E
DB4D
1F04
080F
01FF
2A6C
1EE4
080F
01FF
2A6D
0CEF
034E
0002
DB4D
9016
304D
AE56
32ED
AE51
308D
2E71
30AD
2E69
8E7D
308D
2E72
30AD
2E6A
8E7D
5C22
AE64
32ED
AE5F
308D
2E73
30AD
2E6B
8E7D
308D
2E74
30AD
2E6C
8E7D
5C22
AE72
32ED
AE6D
308D
2E75
30AD
2E6D
8E7D
308D
2E76
30AD
2E6E
8E7D
32ED
AE79
308D
2E77
30AD
2E6F
8E7D
308D
2E78
30AD
2E70
9016
1F01
AE88
32ED
AE85
0C2F
DE98
8E87
0C4F
DE98
8EA3
5C2D
AE92
32ED
AE8F
0C2F
DE99
8E91
0C4F
DE99
8EA3
5C2D
AE9C
32ED
AE99
0C2F
DE9A
8E9B
0C4F
DE9A
8EA3
32ED
AEA1
0C2F
DE9B
8EA3
0C4F
DE9B
9016
1E92
AEAE
32ED
AEAB
0C2F
DE7E
8EAD
0C4F
DE7E
8EC9
5C2D
AEB8
32ED
AEB5
0C2F
DE84
8EB7
0C4F
DE84
8EC9
5C2D
AEC2
32ED
AEBF
0C2F
DE8A
8EC1
0C4F
DE8A
8EC9
32ED
AEC7
0C2F
DE90
8EC9
0C4F
DE90
9016
1945
AED2
18A8
080C
2000
518D
2941
8EEB
1145
0C6D
558D
AEDC
18A8
080C
2000
518D
2944
8EEB
5C2D
AEE4
18A8
080C
2000
518D
2943
8EEB
5C2D
AEEB
18A8
080C
2000
518D
2942
9016
0806
0EF0
0C3F
840D
0C7F
803C
0000
0000
0000
0000
0000
0000
0000
0000
0000
0000
0000
0000
0000
0000
0000
0000
0000
0000
0000
0000
0000
0000
0000
0000
0000
0000
0000
0000
0000
0000
0000
0000
0000
0000
0000
0000
0000
0000
0000
0000
0000
0000
0000
0000
0000
0000
0000
0000
0000
0000
0000
0000
0000
0000
0000
0000
0000
0000
0000
0000
0000
0000
0000
0000
0000
0000
0000
0000
0000
0000
0000
0000
0000
0000
0000
0000
0000
0000
0000
0000
0000
0000
0000
0000
0000
0000
0000
0000
0000
0000
0000
0000
0000
0000
0000
0000
0000
0000
0000
0000
0000
0000
0000
0000
0000
0000
0000
0000
0000
0000
0000
0000
0000
0000
0000
0000
0000
0000
0000
0000
0000
0000
0000
0000
0000
0000
0000
0000
0000
0000
0000
0000
0000
0000
0000
0000
0000
0000
0000
0000
0000
0000
0000
0000
0000
0000
0000
0000
0000
0000
0000
0000
0000
0000
0000
0000
0000
0000
0000
0000
0000
0000
0000
0000
0000
0000
0000
0000
0000
0000
0000
0000
0000
0000
0000
0000
0000
0000
0000
0000
0000
0000
0000
0000
0000
0000
0000
0000
0000
0000
0000
0000
0000
0000
0000
0000
0000
0000
0000
0000
0000
0000
0000
0000
0000
0000
0000
0000
0000
0000
0000
0000
0000
0000
0000
0000
0000
0000
0000
0000
0000
0000
0000
0000
0000
0000
0000
0000
0000
0000
0000
0000
0000
0000
0000
0000
0000
0000
0000
0000
0000
0000
0000
0000
0000
0000
0000
0000
0000
0000
0000
0000
0000
0000
0000
0000
0000
0000
0000
0000
0000
0000
0000
0000
0000
0000
0000
0000
0000
0000
194B
A008
18C8
080C
2000
518D
2947
8021
114B
0C6D
558D
A012
18C8
080C
2000
518D
294A
8021
5C2D
A01A
18C8
080C
2000
518D
2949
8021
5C2D
A021
18C8
080C
2000
518D
2948
33DF
9016
080E
0200
1C2A
A02B
194E
28A9
00A0
001F
080E
0200
1C2A
5C2D
A034
194F
28C9
00C0
001F
33DF
9016
04CD
0F69
1E63
2C92
A03F
1E64
7080
5C2D
A03C
0C79
1D02
A043
8063
0806
0046
80C2
0DCE
1C0F
31B7
0C01
5C4D
B063
080E
0400
1C0F
31B8
080E
FF00
1E94
2C98
080E
FF00
1E95
2C90
080E
00FF
1E94
2C99
080E
00FF
1E95
2C91
0806
0063
8335
0C4E
1A30
A081
1CFA
A069
8081
080E
0700
1C02
31B7
0C41
5C4D
B080
080E
0600
1C2A
5C2D
A077
0C38
8078
0C18
1F02
2C90
1E93
2C91
0806
0080
0C1F
8BDB
D34C
1C92
A084
8087
5C2D
2C92
803A
1D02
A08A
808D
0806
008D
810B
1D03
A090
80BC
1D05
31A0
A098
1E1E
31BA
1F05
31BB
80AC
0C6C
5580
A0A0
1E1E
31BA
1F05
31BB
80AC
0C4C
5580
A0A8
1EC3
31BA
1F07
31BB
80AC
1E29
31BA
1F06
31BB
334D
2D0E
336D
2D0F
080E
0020
1E13
A0B7
33FE
0C7F
83D0
0806
00BC
1C70
A0BC
81BD
080F
0400
D305
33FE
D492
803B
DB62
0300
7D00
DB01
D302
D303
D304
0305
2408
D311
D312
D313
D314
D320
0315
0358
D31E
031F
4321
0310
0008
035D
0052
035E
01C7
0363
0004
0800
0607
0C01
0C62
0807
00E7
1C7A
A0E7
33FE
813B
035D
0052
035E
0104
0363
0002
0800
0601
0C01
0C62
0807
00F7
1C7A
A0F7
33FE
813B
035D
0052
035E
0186
0363
0003
0800
0602
0C01
0C62
0807
0107
1C7A
A107
33FE
813B
D35D
D35E
D362
9006
DB62
0300
7D00
0301
AAAA
0302
2823
0303
0087
0304
2800
0305
6408
D35D
D35E
02A6
F009
0807
0128
1C79
A128
0363
001F
0800
0603
0C21
0C62
33FE
813B
0301
5555
0302
1423
0807
0138
1C79
A138
0363
0020
0800
0604
0C21
0C62
33FE
813B
D362
D35D
9006
0C5B
5761
B142
380D
2B60
DB6E
8145
380D
2B4F
DB4D
7020
667C
080E
7FFF
1B0C
080E
7FFF
1306
402D
31A3
3184
3185
304D
A154
8157
4225
5C22
8151
5085
546D
B15B
816C
54A4
55A3
B15F
8161
33DF
9007
302D
5C4D
A166
5E40
8167
5E20
31A2
B175
3580
33DF
9007
302D
5C4D
A170
5A20
5A20
31A2
432D
A169
304D
0C5B
5761
B17C
304D
2B60
DB6E
817F
304D
2B4F
DB4D
700F
33DF
9007
32ED
A188
080E
FF00
3B4D
818B
080E
00FF
3B4D
402D
35A0
DB62
2B60
DB6E
7020
667C
080E
7FFF
1B0C
080E
7FFF
1306
402D
31A3
3184
3185
304D
A19F
81A2
4225
5C22
819C
5085
546D
B1A6
81B0
54A4
55A3
B1AA
81AB
81B9
5E40
31A2
B1B5
3580
81B9
5A40
31A2
432D
A1AE
304D
304D
2B60
DB6E
700F
D362
380D
422D
9007
150E
319A
1D0F
31BB
1C7C
A264
0C8F
DB5D
0300
1FFF
0301
FFFF
0302
3C42
D303
0304
30C0
0305
6402
D311
D312
D313
D314
D320
0315
0358
D31E
031F
4321
D2F1
02F2
1004
02F3
0F00
02F4
41F4
02F5
0532
02A5
000F
02A6
F000
D2A7
02A8
3100
02A9
7000
D2AA
D2AB
02AC
692B
02AD
7380
D2AE
D2C7
D2D1
D2D2
D2D3
D2D4
02EA
03E0
02EB
0080
1ECE
1635
518D
2AAF
432D
A203
8205
02AF
01FF
1ED0
1636
518D
2AB0
432D
A20C
820E
02B0
01FF
6C00
1AC3
16CE
558D
B214
0C0D
31A1
1D04
5C6D
A21A
0D42
821B
0C02
1E35
504D
31A2
432D
A221
8223
0802
01FF
5441
B22A
02AF
01FF
02B0
01FF
8233
304D
402D
51A2
428D
51A2
542D
B24C
D2AF
D2B0
D2A5
02A6
F000
D2A7
02A8
0500
02A9
7000
D2AA
D2AB
02AC
692B
02AD
7380
D2AE
D2C7
D2D1
D2D2
D2D3
D2D4
02EA
03E0
02EB
0080
6C00
0C8F
D35D
0300
7D00
0302
3C23
0303
0087
0304
30D0
0305
67FC
D2A5
02A8
01FF
02AA
000B
02AC
6928
02AF
014A
02B0
014A
6C00
080E
0040
1E13
A328
0C8F
DB5D
0300
1FFF
0301
AAAA
0302
2847
D303
0304
2C00
0305
6408
D311
D312
D313
D314
D320
0315
0358
D31E
031F
4321
02F1
0190
02F2
1004
02F3
0F00
02F4
4000
02F5
0028
080F
03F0
02F1
0019
0807
0292
33FE
0C3F
893B
172B
3180
080F
0020
2302
080F
0080
2B02
6C80
080E
01FF
1AF6
31A1
16CE
558D
B2A4
0C01
82A5
31A1
0301
5555
080F
3C00
0302
0005
080F
03F0
02F1
001D
6C80
080E
01FF
1AF6
31A2
16D0
558D
B2B9
0C02
82BA
31A2
5022
422D
31A1
16CE
5181
2AAF
432D
A2C3
82C5
02AF
01FF
16D0
5181
2AB0
432D
A2CB
82CD
02B0
01FF
0300
7D00
0301
FFFF
0302
3C47
D303
0304
30C0
0305
67F8
D311
D312
D313
D314
D320
0315
0358
D31E
031F
4321
D2A5
02A6
F017
D2A7
02A8
0100
02A9
70FE
D2AA
D2AB
02AC
692B
02AD
7380
D2AE
D2C7
D2D1
D2D2
D2D3
D2D4
02EA
03E0
02EB
0080
0807
02FF
33FE
0C3F
893B
172B
3180
080F
0020
2302
080F
0080
2B02
6C00
0C2E
1A49
A30C
8328
1CAF
A328
0301
FFFF
0302
3C47
0305
6400
031E
000F
02A9
7F00
1D2E
2B1F
0807
031F
33FE
0C3F
893B
172B
3180
080F
0020
2302
080F
0080
2B02
6C00
0C8F
D35D
0C3B
0C39
0807
032F
894C
33FE
0C5F
0816
0334
8E68
9006
0304
4000
0800
0360
0C42
332D
A33D
8340
5459
A348
8343
0816
0343
8487
1C7F
A463
0300
007F
8357
5459
B352
0816
034D
8487
1C83
A463
0300
0017
8357
1C80
A463
0300
007F
D304
DB01
D302
D303
0305
2408
0310
0008
D372
D370
D371
0C42
5459
B365
836B
A37F
330D
A369
83C6
0C03
8419
0C1C
0C83
DB72
1C8A
A3B9
332D
A375
0300
007F
8377
0300
0017
8AF1
2C98
2C90
8B2A
2C99
2C91
DB72
8B5C
0368
0E38
D369
D370
D371
DB72
035D
0052
035E
079E
0C6F
035D
0002
0363
0014
0800
0647
081A
06E7
0C21
0C62
0807
0398
D364
8182
081A
02C9
0816
039D
847A
0C62
5459
B3A1
8B99
035D
0072
035E
078B
0C6F
035D
0002
0363
0013
0800
0647
081A
06E8
0C21
0C62
0807
03B3
8182
081A
02CA
0816
03B8
847A
D372
0C62
5459
A3C0
1C98
2C90
1C99
2C91
330D
0C03
A40D
0C62
5459
B3D8
1C88
A40C
DB70
332D
A3CE
0300
007F
83D0
0300
0017
8BD6
2C98
2C90
8C0F
2C99
2C91
DB70
8C41
035D
0052
035E
079E
0C6F
035D
0002
0363
0016
0800
0647
081A
06E5
0C01
0C62
0807
03EB
DB70
8182
081A
02CB
0816
03F0
847A
0C62
5459
B3F4
8C7E
035D
0072
035E
078D
0C6F
035D
0002
0363
0015
0800
0647
081A
06E6
0C01
0C62
0807
0406
8182
081A
02CC
0816
040B
847A
D370
8463
0C42
5459
A413
0300
007F
8415
0300
0017
0C62
5459
B42F
8421
0C42
5459
A41F
0300
007F
8421
0300
0017
1C89
A463
DB71
0C62
5459
B42F
8CBB
2C98
2C90
8D04
2C99
2C91
DB71
8D46
035D
0052
035E
079E
0C6F
035D
0002
0363
0012
0800
0647
081A
06FE
0C01
0C62
0807
0442
DB71
8182
081A
02CD
0816
0447
847A
0C62
5459
B44B
8D93
035D
0072
035E
078E
0C6F
035D
0002
0363
0011
0800
0647
081A
06FF
0C01
0C62
0807
045D
8182
081A
02CE
0816
0462
847A
D371
D35E
0C42
5459
A469
306D
A46B
D35D
8470
D4A2
0C8F
DCA2
1CA2
2B5D
8671
0C62
5459
A477
0C3F
33FE
9006
0C1F
33FE
8DB1
31A5
32ED
A482
30AD
080F
FF00
35BA
8486
30AD
080F
00FF
35BA
9016
02A5
0C10
02A6
D009
02A7
00C2
D2A8
02A9
7000
D2AA
D2AB
02AC
792B
02AD
2142
02AE
4925
D2AF
D2B0
D2C7
D2D1
02D2
0124
D2D3
02D4
0924
02EA
03E0
02EB
0080
D355
330D
A4B5
0C8F
D367
0C2F
DB67
0C4F
DB67
080F
4000
DB55
080F
8000
DB55
84BF
0C8F
DB67
0C2F
DB67
0C4F
DB67
080F
3000
0355
0003
1C5E
A4C9
0DEE
1C40
2C9B
080E
00F0
1C40
2C9C
84E0
0C8E
1C5A
A4CD
84D1
080E
0F00
1C55
84D3
0DEE
1C40
2C9B
0C4E
1C5A
A4D8
84DC
080E
F000
1C55
84DF
080E
00F0
1C40
2C9C
080F
0200
DB77
0E0F
DB77
1C9B
080F
01E0
2B77
1C9C
0DEF
2B77
080F
0400
DB64
332D
A50B
080E
0020
1F2E
A5CB
0300
000F
DB01
D302
D303
D311
D312
D313
D314
D320
0304
4000
0305
2408
0315
0358
D31E
031F
4321
0310
0008
8523
0E0E
1F2E
A5CB
0300
000F
DB01
D302
D303
D311
D312
D313
D314
D320
0304
4000
0305
2408
0315
0358
D31E
031F
4321
0310
0008
080F
01E0
0377
000C
0DEF
0377
000C
DB62
0360
0100
0363
0014
DB6E
0363
0013
DB6E
0363
0016
DB6E
0363
0015
DB6E
0363
0012
DB6E
0363
0011
DB6E
D362
035D
0050
035E
079E
0363
0014
D49D
0368
0E38
D369
DB72
0807
054E
85DB
D372
080E
01E0
1B77
2C9B
DB70
035D
0050
035E
079E
0363
0016
D49D
0807
055E
85DB
D370
080E
01E0
1377
3180
1C9B
55AC
B567
249B
DB71
035D
0050
035E
079E
0363
0012
D49D
0807
0572
85DB
D371
080E
01E0
1377
3180
1C9B
55AC
B57B
249B
1C9B
080F
01E0
2B77
DB72
035D
0070
035E
078B
0363
0013
D49D
0807
058A
85DB
D372
080E
01E0
1B77
2C9C
DB70
035D
0070
035E
078D
0363
0015
D49D
0807
059A
85DB
D370
080E
01E0
1377
3180
1C9C
55AC
B5A3
249C
DB71
035D
0070
035E
078E
0363
0011
D49D
0807
05AE
85DB
D371
080E
01E0
1377
3180
1C9C
55AC
B5B7
249C
1C9C
080F
01E0
2B77
149B
558D
B5C4
1C9C
2C9B
080F
01E0
2B77
85CB
1C9B
2C9C
0DEF
2B77
080F
01E0
2B77
0807
05CE
863E
080F
8000
D355
080F
2000
D355
D367
332D
A5D8
85D8
D49C
D4A0
9016
049F
000C
04A0
0002
04A1
0003
DB62
1C9D
A5E9
080F
01E0
0377
000C
85EC
0DEF
0377
000C
1CA1
A5EF
8639
080D
0040
2B60
DB6E
7002
6667
080E
7FFF
1306
080E
7FFF
1B0C
402D
558D
B600
0C2D
8601
0C0D
31A1
080D
01FF
080C
0040
558D
2B60
DB6E
7002
6667
080E
7FFF
1306
080E
7FFF
1B0C
402D
558D
B616
0C2D
8617
0C0D
542D
A61A
8623
1CA1
5C2D
A61E
8627
1C9F
14A0
518D
2C9F
8627
1C9F
14A0
558D
2C9F
1C9D
A62E
1C9F
080F
01E0
2B77
8631
1C9F
0DEF
2B77
1CA0
582D
422D
2CA0
1CA1
5C2D
2CA1
85EC
0360
0100
DB6E
D362
9007
1C9B
408D
149C
518D
31A0
1E92
A64F
32ED
A64B
080F
00FF
2723
864E
080F
FF00
2723
8670
5C2D
A65B
32ED
A657
080F
00FF
2724
865A
080F
FF00
2724
8670
5C2D
A667
32ED
A663
080F
00FF
2725
8666
080F
FF00
2725
8670
32ED
A66D
080F
00FF
2726
8670
080F
FF00
2726
9007
0C42
5459
A675
86F3
1E92
A687
32ED
A680
081A
0679
081B
067A
081C
06F6
8686
081A
067B
081B
067C
081C
06F7
86BA
5C2D
A699
32ED
A692
081A
067F
081B
0680
081C
06F8
8698
081A
0681
081B
0682
081C
06F9
86BA
5C2D
A6AB
32ED
A6A4
081A
0685
081B
0686
081C
06FA
86AA
081A
0687
081B
0688
081C
06FB
86BA
32ED
A6B4
081A
068B
081B
068C
081C
06FC
86BA
081A
068D
081B
068E
081C
06FD
330D
A6CF
32ED
A6C5
080E
FF00
1ACB
080E
FF00
12CC
86CB
080E
00FF
1ACB
080E
00FF
12CC
410D
518D
35BA
86E1
32ED
A6D8
080E
FF00
1ACD
080E
FF00
12CE
86DE
080E
00FF
1ACD
080E
00FF
12CE
410D
518D
35BC
32ED
A6EA
080E
FF00
1AC9
080E
FF00
12CA
86F0
080E
00FF
1AC9
080E
00FF
12CA
410D
518D
35BB
8471
1E92
A6F9
081A
067D
8705
5C2D
A6FE
081A
0683
8705
5C2D
A703
081A
0689
8705
081A
068F
32ED
A70C
1D12
080F
FF00
35BA
8710
1D12
080F
00FF
35BA
9016
0802
0513
1D10
2D12
0800
0512
1C21
31A4
32ED
A724
080E
FF00
1E5D
31A1
080E
FF00
1E5E
31BB
872C
080E
00FF
1E5D
31A1
080E
00FF
1E5E
31BB
332D
A735
1C75
A75E
0300
007F
0310
0008
873B
1C87
A764
0300
0017
0310
0008
DB01
D302
D303
0304
4000
0305
2408
330D
A751
DB69
035D
0050
035E
07DF
0803
036C
081A
036D
0807
0750
8766
875E
0369
0003
035D
0050
035E
07DF
0803
036A
081A
036B
0807
075E
8766
D35D
D35E
D369
0816
0764
86F4
0C1F
8DB7
1D10
35A0
31BC
0C2D
080F
00FF
3C43
080F
0100
35A3
35BA
0C7F
8E2E
0C0D
080F
0100
35A3
9007
1C9C
A89A
0E0E
1E12
A89A
0300
03FF
0301
FFFF
0302
3C46
D303
0304
7040
0305
2406
0315
0358
D31E
031F
4321
02A5
0C10
02A6
F009
02A7
00C2
D2A8
02A9
7000
D2AA
D2AB
02AC
792B
02AD
2142
02AE
4925
D2AF
D2B0
02D2
0124
02D4
0924
080E
1FE0
12B5
3184
080E
2000
12B5
3185
150E
3181
16CE
502C
31AC
0C23
5465
B7B9
548C
31A2
B7C5
0C02
87C5
0803
0100
548C
506D
31A2
0803
0200
546D
B7C3
87C5
0802
01FF
40E2
42E2
304D
DB62
2B60
0363
0019
DB6E
150F
3181
16D0
502C
31AC
0C23
5465
B7DA
548C
31A2
B7E6
0C02
87E6
0803
0100
548C
506D
31A2
0803
0200
546D
B7E4
87E6
0802
01FF
40E2
42E2
304D
2B60
0363
001D
DB6E
D362
6667
080E
7FFF
1B0B
402D
31A3
080E
7FFF
1B06
31A2
31A4
31AC
080E
01E0
1E30
A7FF
8802
422C
5C2D
87FD
3181
4282
0C05
0DEE
1E30
31B7
A80A
880F
5045
31A5
5C37
31B7
8808
0E0E
1E30
A815
50A4
31A2
8817
54A4
31A2
5022
546D
B81B
8821
5422
B81E
8826
55A3
B826
8823
DC1C
8827
041C
0002
8827
D41C
080E
0038
1E31
31AC
0CEE
1E31
31A0
080E
00F0
1E32
31A1
0DEE
1E32
31A2
080E
00E0
1AB2
31A3
080E
03C0
1AB3
31A4
4024
080E
003F
1AB3
A843
8845
5824
31A4
546C
B84A
5444
B84A
884F
5403
B854
5481
B854
8852
041D
0002
8855
DC1D
8855
D41D
080E
03E0
1633
3180
0FEE
1633
3181
080E
00FF
1730
3184
080E
0100
1730
3197
080E
00FF
1634
3185
080E
0100
1634
3198
080E
03E0
12B4
3182
0807
0873
892B
5422
B876
8894
332D
A87D
330D
A883
54A3
B883
8894
330D
A880
8894
5465
B883
8894
5440
B886
8897
332D
A88E
32ED
A88D
5464
B899
8897
8897
32ED
A891
8899
5483
B899
8897
041E
0002
889A
DC1E
889A
D41E
1ECE
16D0
3180
DB62
2B60
0363
0019
DB6E
2360
0363
001D
DB6E
D362
0C19
0807
08AB
894C
1C9C
A929
D4A0
1E58
A8B2
DCA0
8929
0C2E
1E59
A8BA
D65B
1F27
2E5A
0C2F
DE59
165B
3182
0DE3
5443
B8CF
0803
03FE
5443
B8C5
DCA0
8929
0C4E
1E59
A8CA
DCA0
8929
0DEE
1E5B
A8CF
1F27
2E5A
1E5B
582D
2CA1
1E5A
12B2
358D
5C2D
12B4
358D
5C2D
12B3
358D
5C2D
12B5
358D
5C2D
12B6
358D
5C2D
12B7
358D
5C2D
12B8
358D
5C2D
12B9
358D
5C2D
12D5
358D
5C2D
12D6
358D
5C2D
12D7
358D
5C2D
16AE
358D
5C2D
12D8
358D
5C2D
12D9
358D
5C2D
12DA
358D
5C2D
12DB
358D
5C2D
150E
358D
5C2D
150F
358D
5C2D
161E
358D
5C2D
1705
358D
5C2D
161D
358D
5C2D
141B
358D
5C2D
1306
358D
5C2D
130B
358D
5C2D
141C
358D
5C2D
141D
358D
5C2D
141E
358D
5C2D
5C2D
5C2D
5C2D
5C2D
2E5A
0C1F
8998
080E
3FE0
1AB5
31A3
080E
2000
1AB5
31B9
A935
8939
080D
0200
546D
31A3
332D
9007
080E
3FE0
1AB5
31A3
080E
2000
1AB5
31A4
A945
8949
080D
0200
546D
31A3
308D
33DF
9007
1C9C
AA42
1D05
31A0
A98B
1AB2
2E15
1AB4
2E17
1AB3
2E16
1AB5
2E18
1AB6
2E19
1AB7
2E1A
1AB8
2E1B
1AB9
2E1C
1AD5
2EA8
1AD6
2EA9
1AD7
2EAA
0DEE
1B76
0DEF
2EAE
080E
01E0
1B76
080F
00F0
2EAE
080E
3C00
1B76
080F
0F00
2EAE
0DEE
1B75
080F
F000
2EAE
1AD8
2EAF
1AD9
2EB0
1ADA
2EB1
1ADB
2EB2
332D
AA41
1D0E
2E1E
1D0F
2F05
8A41
0C6D
540D
A9C8
1AB2
2E15
1AB4
2E17
1AB3
2E16
1AB5
2E18
1AB6
2E19
1AB7
2E1A
1AB8
2E1B
1AB9
2E1C
1AD5
2EA8
1AD6
2EA9
1AD7
2EAA
0DEE
1B76
0DEF
2EAE
080E
01E0
1B76
080F
00F0
2EAE
080E
3C00
1B76
080F
0F00
2EAE
0DEE
1B75
080F
F000
2EAE
1AD8
2EAF
1AD9
2EB0
1ADA
2EB1
1ADB
2EB2
332D
AA41
1D0E
2E1E
1D0F
2F05
8A41
0C4D
540D
AA05
1AB2
2EBA
1AB4
2EBC
1AB3
2EBB
1AB5
2EBD
1AB6
2EBE
1AB7
2EBF
1AB8
2EC0
1AB9
2EC1
1AD5
2EC5
1AD6
2EC6
1AD7
2EC7
0DEE
1B76
0DEF
2EC8
080E
01E0
1B76
080F
00F0
2EC8
080E
3C00
1B76
080F
0F00
2EC8
0DEE
1B75
080F
F000
2EC8
1AD8
2EC9
1AD9
2ECA
1ADA
2ECB
1ADB
2ECC
332D
AA41
1D0E
2EC3
1D0F
2F07
8A41
0C2D
540D
AA41
1AB2
2E20
1AB4
2E22
1AB3
2E21
1AB5
2E23
1AB6
2E24
1AB7
2E25
1AB8
2E26
1AB9
2E27
1AD5
2EAB
1AD6
2EAC
1AD7
2EAD
0DEE
1B76
0DEF
2EB4
080E
01E0
1B76
080F
00F0
2EB4
080E
3C00
1B76
080F
0F00
2EB4
0DEE
1B75
080F
F000
2EB4
1AD8
2EB5
1AD9
2EB6
1ADA
2EB7
1ADB
2EB8
332D
AA41
1D0E
2E29
1D0F
2F06
9007
1D05
31A0
AA50
1AB2
2F0C
1AB4
2F0E
1AB3
2F0D
1AB5
2F0F
1AB6
2F10
8A79
0C6D
540D
AA5E
1AB2
2F0C
1AB4
2F0E
1AB3
2F0D
1AB5
2F0F
1AB6
2F10
8A79
0C4D
540D
AA6C
1AB2
2F18
1AB4
2F1A
1AB3
2F19
1AB5
2F1B
1AB6
2F1C
8A79
0C2D
540D
AA79
1AB2
2F12
1AB4
2F14
1AB3
2F13
1AB5
2F15
1AB6
2F16
9007
1C69
AA7D
8A82
0C2F
D869
0C37
0C44
8A84
0C17
0C04
0800
015D
0801
015F
0802
015E
3085
4025
50A4
31A5
50A0
31A0
50A1
31A1
50A2
31A2
308D
080F
0038
2861
DCB8
14B9
5C2C
AA99
1866
35A0
1868
35A1
1867
35A2
D4B8
14B9
5C0C
AAA3
32ED
AAB0
5824
308D
5D0D
AA84
0C4D
080F
0038
2861
0C2F
D061
015C
0003
0C1F
0C1E
83EE
115C
5C6C
AAB7
0CEE
1C23
31A4
4024
508D
0805
015D
50AD
39A2
080E
0038
1C23
31A4
4024
508D
31A5
0804
015F
50A4
39A1
0804
015E
50A4
39A3
338D
AADC
0805
0400
50A1
2B43
0344
0002
7001
D343
336D
AAE5
0805
0040
50A2
2B73
DB74
7001
D373
338D
AAEE
0805
0400
50A3
2B43
DB44
7001
D343
0C1F
0C1E
9006
DB01
D302
D303
D311
D312
D313
D314
D320
0304
4000
0305
2408
0315
0358
D31E
031F
4321
0310
0008
D355
035D
0050
035E
079E
0365
01A0
0368
0E38
D369
D370
D371
DB72
D34C
DB62
0360
0100
0363
0013
DB6E
D362
02F1
0140
02F2
2E00
02F3
0F00
02F4
6008
02F5
0808
02A6
D009
6C80
080E
01FF
1AF6
8378
DB01
D302
D303
D311
D312
D313
D314
D320
0304
4000
0305
2408
0315
0358
D31E
031F
4321
0310
0008
D355
035D
0070
035E
078B
0365
01A0
0368
0E38
D369
D370
D371
DB72
D34C
02F1
0130
02F2
2E00
02F3
0F00
02F4
6008
02F5
0808
02A6
D009
6C80
080E
01FF
1AF6
837B
DB01
D302
D303
D311
D312
D313
D314
D320
0304
4000
0305
2408
0315
0358
D31E
031F
4321
0310
0008
D355
035D
0050
035E
079E
0365
01A0
0368
0E38
D369
D370
D371
DB72
D34C
02F1
0140
02F2
2E00
02F3
0F00
02F4
6008
02F5
0808
02A6
D009
080E
01FF
1C90
080F
01FF
2AF3
080F
1FFF
02F2
0004
6C80
080E
01FE
1AF6
2C90
8398
DB01
D302
D303
D311
D312
D313
D314
D320
0304
4000
0305
2408
0315
0358
D31E
031F
4321
0310
0008
D355
035D
0070
035E
078B
0365
01A0
0368
0E38
D369
D370
D371
DB72
D34C
02F1
0130
02F2
2E00
02F3
0F00
02F4
6008
02F5
0808
02A6
D009
080E
01FF
1C91
080F
01FF
2AF3
080F
1FFF
02F2
0004
6C80
080E
01FE
1AF6
2C91
83B3
DB01
D302
D303
D311
D312
D313
D314
D320
0304
4000
0305
2408
0315
0358
D31E
031F
4321
0310
0008
D355
035D
0050
035E
079E
0365
01A0
0368
0E38
D369
DB70
D371
D372
D34C
DB62
0360
0100
0363
0015
DB6E
D362
02F1
0160
02F2
2E00
02F3
0F00
02F4
6008
02F5
0808
02A6
D009
6C80
080E
01FF
1AF6
83D1
DB01
D302
D303
D311
D312
D313
D314
D320
0304
4000
0305
2408
0315
0358
D31E
031F
4321
0310
0008
D355
035D
0070
035E
078D
0365
01A0
0368
0E38
D369
DB70
D371
D372
D34C
02F1
0150
02F2
2E00
02F3
0F00
02F4
6008
02F5
0808
02A6
D009
6C80
080E
01FF
1AF6
83D4
DB01
D302
D303
D311
D312
D313
D314
D320
0304
4000
0305
2408
0315
0358
D31E
031F
4321
0310
0008
D355
035D
0050
035E
079E
0365
01A0
0368
0E38
D369
DB70
D371
D372
D34C
02F1
0160
02F2
2E00
02F3
0F00
02F4
6008
02F5
0808
02A6
D009
080E
01FF
1C90
080F
01FF
2AF3
080F
1FFF
02F2
0004
6C80
080E
01FE
1AF6
2C90
83EB
DB01
D302
D303
D311
D312
D313
D314
D320
0304
4000
0305
2408
0315
0358
D31E
031F
4321
0310
0008
D355
035D
0070
035E
078D
0365
01A0
0368
0E38
D369
DB70
D371
D372
D34C
02F1
0150
02F2
2E00
02F3
0F00
02F4
6008
02F5
0808
02A6
D009
080E
01FF
1C91
080F
01FF
2AF3
080F
1FFF
02F2
0004
6C80
080E
01FE
1AF6
2C91
8406
DB01
D302
D303
D311
D312
D313
D314
D320
0304
4000
0305
2408
0315
0358
D31E
031F
4321
0310
0008
035E
079E
0365
01A0
0368
0E38
D369
D370
DB71
D372
D34C
306D
ACDF
035D
0050
D355
8CF3
04A2
0050
0C8F
DCA2
1CA2
2B5D
D4A2
080F
C000
04A2
0003
1CA2
2B55
DB62
0360
0100
0363
0011
DB6E
D362
02F1
0120
02F2
2E00
02F3
0F00
02F4
6008
02F5
0808
02A6
D009
6C80
080E
01FF
1AF6
8428
DB01
D302
D303
D311
D312
D313
D314
D320
0304
4000
0305
2408
0315
0358
D31E
031F
4321
0310
0008
035E
078E
0365
01A0
0368
0E38
D369
D370
DB71
D372
D34C
306D
AD28
035D
0070
D355
8D35
04A2
0070
0C8F
DCA2
1CA2
2B5D
D4A2
080F
C000
04A2
0003
1CA2
2B55
02F1
0110
02F2
2E00
02F3
0F00
02F4
6008
02F5
0808
02A6
D009
6C80
080E
01FF
1AF6
842B
DB01
D302
D303
D311
D312
D313
D314
D320
0304
4000
0305
2408
0315
0358
D31E
031F
4321
0310
0008
035E
079E
0365
01A0
0368
0E38
D369
D370
DB71
D372
D34C
306D
AD6A
035D
0050
D355
8D77
04A2
0050
0C8F
DCA2
1CA2
2B5D
D4A2
080F
C000
04A2
0003
1CA2
2B55
02F1
0120
02F2
2E00
02F3
0F00
02F4
6008
02F5
0808
02A6
D009
080E
01FF
1C90
080F
01FF
2AF3
080F
1FFF
02F2
0004
6C80
080E
01FE
1AF6
2C90
8442
DB01
D302
D303
D311
D312
D313
D314
D320
0304
4000
0305
2408
0315
0358
D31E
031F
4321
0310
0008
035E
078E
0365
01A0
0368
0E38
D369
D370
DB71
D372
D34C
306D
ADB7
035D
0070
D355
8DC4
04A2
0070
0C8F
DCA2
1CA2
2B5D
D4A2
080F
C000
04A2
0003
1CA2
2B55
02F1
0110
02F2
2E00
02F3
0F00
02F4
6008
02F5
0808
02A6
D009
080E
01FF
1C91
080F
01FF
2AF3
080F
1FFF
02F2
0004
6C80
080E
01FE
1AF6
2C91
845D
0801
04A0
35A1
DB62
0363
0017
0816
0DE9
8E64
0363
0018
0816
0DEE
8E64
0363
001B
0816
0DF3
8E64
0363
001C
0816
0DF8
8E64
0363
0019
0816
0DFD
8E64
0363
001A
0816
0E02
8E64
0363
001D
0816
0E07
8E64
0363
001E
0816
0E0C
8E64
0363
001F
0816
0E11
8E64
0363
0020
0816
0E16
8E64
0363
0021
0816
0E1B
8E64
0363
0022
0816
0E20
8E64
304D
0360
0100
2B63
DB6E
D362
D4A0
0C1F
9007
0801
04A0
35A1
DB62
0360
0100
0363
0017
DB6E
0363
0018
DB6E
0363
001B
DB6E
0363
001C
DB6E
0363
0019
DB6E
0363
001A
DB6E
0363
001D
DB6E
0363
001E
DB6E
0363
001F
0816
0E4C
8E64
0363
0020
0816
0E51
8E64
0363
0021
0816
0E56
8E64
0363
0022
0816
0E5B
8E64
304D
2B63
0360
0100
DB6E
D362
D4A0
0C1F
9007
0C2E
382D
AE69
D360
8E6B
0360
01FF
DB6E
382D
422D
35A1
9016
080E
FF00
1E94
080F
FF00
2ACB
080E
FF00
1F00
080F
FF00
2ACD
080E
FF00
1E94
080F
00FF
2ACB
080E
FF00
1F00
080F
00FF
2ACD
080E
00FF
1E94
080F
FF00
2ACC
080E
00FF
1F00
080F
FF00
2ACE
080E
00FF
1E94
080F
00FF
2ACC
080E
00FF
1F00
080F
00FF
2ACE
080E
FF00
1E95
080F
FF00
2AC9
080F
00FF
2AC9
080E
00FF
1E95
080F
FF00
2ACA
080F
00FF
2ACA
DB62
080E
FF00
1E95
402D
080F
01FF
2B60
0363
0014
DB6E
080E
00FF
1E95
402D
080F
01FF
2B60
0363
0013
DB6E
080E
FF00
1E94
402D
080F
01FF
2B60
0363
0016
DB6E
080E
00FF
1E94
402D
080F
01FF
2B60
0363
0015
DB6E
080E
FF00
1F00
402D
080F
01FF
2B60
0363
0012
DB6E
080E
00FF
1F00
402D
080F
01FF
2B60
0363
0011
DB6E
D362
0C2D
0C1F
9016
31A3
1ECE
31A4
1ED0
51A4
422D
31A4
5483
BF01
5464
0803
0200
55A3
8F01
080F
07FC
2A2B
080E
00E0
1AB2
0CEF
2A2A
080E
03E0
1AB3
080F
00F8
2A2A
080E
3800
1A3A
080F
3800
2A2B
080E
0C00
1AB4
0C6F
2A2B
080E
03E0
1AB4
080F
1F00
2A2A
080E
0FFF
1A4D
080F
0FFF
2A43
080E
1FE0
1AB6
080F
00FF
2A2C
080E
0FE0
1AB7
080F
7F00
2A2C
080E
0FE0
1AB8
080F
007F
2A2D
080E
0FE0
1AB9
080F
3F80
2A2D
080E
0FE0
1AD5
080F
007F
2A3E
080E
0FE0
1AD6
080F
3F80
2A3E
080E
0FE0
1AD7
080F
007F
2A3F
080E
0FE0
1AD8
080F
007F
2A40
080E
0FE0
1AD9
080F
3F80
2A40
080E
0FE0
1ADA
080F
007F
0241
2040
080E
0FE0
1ADB
080F
3F80
0241
2040
0DEE
1B76
0DEF
2A42
080E
01E0
1B76
080F
00F0
2A42
080E
3C00
1B76
080F
0F00
2A42
0DEE
1B75
080F
F000
2A42
D244
D245
D246
D247
080F
4000
DA2B
080F
1000
DA43
0C2E
1A49
080F
4000
2A40
080F
8000
DA40
0C7F
8E69
0000
0000
0000
0000
0000
0000
0000
0000
0000
0000
0000
0000
0000
0000
0000
0000
0000
0000
0000
0000
0000
0000
0000
0000
0000
0000
0000
0000
0000
0000
0000
0000
0000
0000
0000
0000
0000
0000
0000
0000
0000
0000
0000
0000
0000
0000
0000
0000
0000
0000
0000
0000
0000
0000
0000
0000
0000
0000
0000
0000
0000
0000
0000
0000
0000
0000
0000
0000
0000
0000
0000
0000
0000
0000
0000
0000
0000
0000
0000
0000
0000
0000
0000
0000
0000
0000
0000
0000
0000
0000
0000
0000
0000
0000
0000
0000
0000
0000
0000
0000
0000
0000
0000
0000
0000
0000
0000
0000
0000
02A5
0C10
02A6
D009
02A7
00C2
D2A8
02A9
7000
D2AA
D2AB
02AC
792B
02AD
2142
02AE
4925
D2AF
D2B0
D2C7
D2D1
02D2
0124
D2D3
02D4
0924
02EA
03E0
02EB
0080
1C5E
A028
0DEE
1C3C
2C9B
080E
00F0
1C3C
2C9C
8040
080E
0080
1C4C
A02D
8030
0DEE
1C46
8032
0DEE
1C3C
2C9B
080E
0040
1C4C
A038
803C
080E
00F0
1C46
803F
080E
00F0
1C3C
2C9C
080F
1000
DB4E
080F
0080
DB4E
1C9B
080F
0F00
2B4E
1C9C
080F
0078
2B4E
080F
0400
DB64
332D
A072
0D0E
1F2E
A0C9
DB4B
034F
0100
0CEF
D34E
DB4D
0300
000F
DB01
D302
D303
D311
D312
D313
D314
D320
0304
5C00
0305
2408
0315
0358
D31E
031F
4321
0310
0008
8090
0C8E
1F2E
A0C9
DB4B
034F
0100
0CEF
D34E
DB4D
0300
000F
DB01
D302
D303
D311
D312
D313
D314
D320
0304
5C00
0305
2408
0315
0358
D31E
031F
4321
0310
0008
080F
0078
034E
0008
080F
0F00
034E
0008
037D
0231
0CEF
DB4E
D49D
0816
00A0
80D1
080E
0F00
1B4E
2C9B
D49D
034F
0100
0CEF
034E
0002
DB4D
037D
0252
0816
00B0
80D1
D37D
080E
0F00
1B4E
2C9C
149B
558D
B0BE
1C9C
2C9B
080F
0F00
2B4E
80C6
1C9B
2C9C
080F
0F00
2B4E
080F
0078
2B4E
0816
00C9
8134
D34B
332D
A0CD
80CD
D49C
D4A0
33DF
9007
049F
0008
04A0
0004
04A1
0004
1C9D
A0DE
080F
0F00
034E
0008
80E2
080F
0078
034E
0008
1CA1
A0E5
8130
080D
0040
2B4F
DB4D
7002
6667
080E
7FFF
1306
080E
7FFF
1B0C
402D
558D
B0F6
0C2D
80F7
0C0D
31A1
080D
01FF
080C
0040
558D
2B4F
DB4D
7002
6667
080E
7FFF
1306
080E
7FFF
1B0C
402D
558D
B10C
0C2D
810D
0C0D
542D
A110
8119
1CA1
5C2D
A114
811D
1C9F
14A0
518D
2C9F
811D
1C9F
14A0
558D
2C9F
1C9D
A124
1C9F
080F
0F00
2B4E
8128
1C9F
080F
0078
2B4E
1CA0
582D
422D
2CA0
1CA1
5C2D
2CA1
80E2
034F
0100
DB4D
9016
1C9B
408D
149C
518D
31A0
1F01
A145
32ED
A141
080F
00FF
271F
8144
080F
FF00
271F
8166
5C2D
A151
32ED
A14D
080F
00FF
2720
8150
080F
FF00
2720
8166
5C2D
A15D
32ED
A159
080F
00FF
2721
815C
080F
FF00
2721
8166
32ED
A163
080F
00FF
2722
8166
080F
FF00
2722
9016
DB4B
0CEF
034E
0002
034F
0100
DB4D
DB01
D302
D303
D311
D312
D313
D314
D320
0304
5C00
0305
2408
0315
0358
D31E
031F
4321
0310
0008
D355
D35D
D35E
0368
0E38
D369
D370
D371
D372
DB4C
D34B
02F1
0410
02F2
2E00
02F3
0F00
02F4
4008
02F5
0010
02A6
D009
6C80
080E
01FF
1AF6
33DF
9007
DB01
D302
D303
D311
D312
D313
D314
D320
0304
5C00
0305
2408
0315
0358
D31E
031F
4321
0310
0008
D355
D35D
D35E
0368
0E38
D369
D370
D371
D372
DB4C
02F1
0420
02F2
2E00
02F3
0F00
02F4
4008
02F5
0010
02A6
D009
6C80
080E
01FF
1AF6
33DF
9007
DB01
D302
D303
D311
D312
D313
D314
D320
0304
5C00
0305
2408
0315
0358
D31E
031F
4321
0310
0008
D355
D35D
D35E
0368
0E38
D369
D370
D371
D372
DB4C
02F1
0410
02F2
2E00
02F3
0F00
02F4
4008
02F5
0010
02A6
D009
080E
01FF
1C90
080F
01FF
2AF3
080F
1FFF
02F2
0004
6C80
080E
01FF
1AF6
2C90
33DF
9007
DB01
D302
D303
D311
D312
D313
D314
D320
0304
5C00
0305
2408
0315
0358
D31E
031F
4321
0310
0008
D355
D35D
D35E
0368
0E38
D369
D370
D371
D372
DB4C
02F1
0420
02F2
2E00
02F3
0F00
02F4
4008
02F5
0010
02A6
D009
080E
01FF
1C91
080F
01FF
2AF3
080F
1FFF
02F2
0004
6C80
080E
01FF
1AF6
2C91
33DF
9007
02A5
0C07
02A6
F000
D2A7
02A8
04FF
02A9
7000
D2AA
D2AB
02AC
6933
02AD
7381
02AE
36E4
02AF
014A
02B0
014A
D2C7
D2D1
02D2
00DB
D2D3
02D4
06DB
02EA
03E0
02EB
0080
0300
00FF
0301
FFFF
0302
3C23
0303
0087
0304
70D0
0305
27FE
0315
0358
D31E
031F
4321
D311
D312
D313
D314
0320
0085
0310
0008
D2F1
02F2
1004
02F3
0F00
02F4
41F4
02F5
0532
1D04
A294
0300
001F
02A5
0C07
02A6
F000
02AC
6933
02AE
36E4
02D2
00DB
02D4
06DB
82DA
0C80
55A0
B298
82DA
A2A8
0300
01FF
02A5
0C0F
02A6
F000
02AC
68EA
02AE
249B
02D2
0092
02D4
0492
82DA
5C2D
A2B9
0300
00FF
02A5
0C07
02A6
F000
02AC
6933
02AE
36E4
02D2
00DB
02D4
06DB
82DA
5C2D
A2CA
0300
007F
02A5
0C07
02A6
F000
02AC
6933
02AE
36E4
02D2
00DB
02D4
06DB
82DA
5C2D
A2DA
0300
003F
02A5
0C07
02A6
F000
02AC
6933
02AE
36E4
02D2
00DB
02D4
06DB
1ECE
150E
518D
2AAF
432D
A2E1
82E3
02AF
01FF
1ED0
150F
518D
2AB0
432D
A2EA
82EC
02B0
01FF
1C76
A31E
1C9C
A2F6
0C8F
DF08
0C8F
DF09
0C8F
DF0A
0C2F
D708
0C2F
D709
0C2F
D70A
0C7F
8C2C
080E
0100
1E44
0C2F
2F08
080E
0200
1E44
0C2F
2F09
080E
0400
1E44
0C2F
2F0A
1C9C
A31E
080E
1000
1E44
0C8F
2F08
080E
2000
1E44
0C8F
2F09
080E
4000
1E44
0C8F
2F0A
02A5
0C09
02A6
F000
D2A7
02A8
0CFF
02A9
7000
D2AA
D2AB
02AC
6933
02AD
7381
02AE
36E4
02AF
014A
02B0
014A
D2C7
D2D1
02D2
00DB
D2D3
02D4
06DB
02EA
03E0
02EB
0080
0300
00FF
0301
FFFF
0302
3C23
0303
0087
0304
70D0
0305
27FE
0315
0358
D31E
031F
4321
D311
D312
D313
D314
0320
0085
0310
0008
D2F1
02F2
1004
02F3
0F00
02F4
41F4
02F5
0532
1D04
A371
0300
001F
02A5
0C09
02A6
F000
02AC
6933
02AE
36E4
02D2
00DB
02D4
06DB
83B7
0C80
55A0
B375
83B7
A385
0300
01FF
02A5
0C13
02A6
F000
02AC
68EA
02AE
249B
02D2
0092
02D4
0492
83B7
5C2D
A396
0300
00FF
02A5
0C09
02A6
F000
02AC
6933
02AE
36E4
02D2
00DB
02D4
06DB
83B7
5C2D
A3A7
0300
007F
02A5
0C09
02A6
F000
02AC
6933
02AE
36E4
02D2
00DB
02D4
06DB
83B7
5C2D
A3B7
0300
003F
02A5
0C09
02A6
F000
02AC
6933
02AE
36E4
02D2
00DB
02D4
06DB
1ECE
150E
518D
2AAF
432D
A3BE
83C0
02AF
01FF
1ED0
150F
518D
2AB0
432D
A3C7
83C9
02B0
01FF
1C76
A3CC
6C00
02A5
0C03
02A6
F000
02A8
04FF
02AC
692A
02AE
36E4
02D2
00DB
02D4
06DB
0300
00FF
1D04
A3ED
0300
001F
02A5
0C03
02A6
F000
02AC
692A
02AE
36E4
02D2
00DB
02D4
06DB
8433
0C80
55A0
B3F1
8433
A401
0300
01FF
02A5
0C07
02A6
F000
02AC
68E1
02AE
249B
02D2
0092
02D4
0492
8433
5C2D
A412
0300
00FF
02A5
0C03
02A6
F000
02AC
692A
02AE
36E4
02D2
00DB
02D4
06DB
8433
5C2D
A423
0300
007F
02A5
0C03
02A6
F000
02AC
692A
02AE
36E4
02D2
00DB
02D4
06DB
8433
5C2D
A433
0300
003F
02A5
0C03
02A6
F000
02AC
692A
02AE
36E4
02D2
00DB
02D4
06DB
1ECE
150E
518D
2AAF
432D
A43A
843C
02AF
01FF
1ED0
150F
518D
2AB0
432D
A443
8445
02B0
01FF
1C76
A448
6C00
080E
4000
1E12
A480
080E
03E0
1AB3
0F81
542D
B480
080F
03E0
0302
0002
0FEF
0302
0002
0C2F
D303
0C2F
D320
080F
0030
D304
6620
080E
7FFF
1B06
31A0
080E
7FFF
1B0A
402D
540D
B46C
8480
A46E
8480
D2A5
080F
0038
02AC
0005
12AF
3181
02AF
01FF
12B0
3182
02B0
01FF
6C00
302D
2AAF
304D
2AB0
0300
01FF
0301
AAAA
0302
2843
D303
0304
6C00
0305
2408
0315
0358
D31E
031F
4321
D311
D312
D313
D314
D320
0310
0008
02F1
0190
02F2
1004
02F3
0F00
02F4
4000
02F5
0028
1D04
A4A6
0300
003F
84BC
0C80
55A0
B4AA
84BC
A4AE
0300
03FF
84BC
5C2D
A4B3
0300
01FF
84BC
5C2D
A4B8
0300
00FF
84BC
5C2D
A4BC
0300
007F
1C76
A527
080F
03F0
02F1
0019
080F
0020
D302
6C80
080E
01FF
1AF6
31A1
2D38
0C00
080F
0020
DB02
6C80
080E
01FF
1AF6
31A2
542D
B4D8
3041
0C20
272B
080F
0020
2302
0301
5555
080F
3C00
0302
0005
080F
03F0
02F1
001D
6C80
080E
01FF
1AF6
31A2
2D39
1ECE
55A1
B4F0
0C0D
31A1
1ED0
55A2
B4F5
0C0D
31A2
502D
422D
2D0E
2D0F
080E
8000
1E4A
A522
080E
01FF
1E4A
DB62
0363
0019
2B60
DB6E
0363
001D
2B60
DB6E
D362
0300
07FF
0301
FFFF
080F
3C00
0302
000F
6667
080E
7FFF
1B0C
402D
31AC
1B06
402D
42CD
55AC
B520
0C0D
8525
0C2D
8525
080E
4000
1E4A
0D0F
2E4B
1C9C
A5E5
080F
0100
DB6C
1D12
31A5
30A2
1E96
31A4
081C
0512
081B
0513
0803
036C
30AD
35BC
54A4
A53C
854A
1D12
A543
0512
004F
0805
004F
8545
5E3C
5C25
080F
00FF
3F63
DB6D
8539
080F
0100
D36C
3045
0300
01FF
0301
AAAA
0302
2842
D303
0304
6C00
0305
2408
0315
0358
D31E
031F
4321
D311
D312
D313
D314
D320
0310
0008
02F1
0193
02F2
1004
02F3
0F00
02F4
4000
02F5
0028
0D0E
164B
3180
1D04
A577
0300
003F
8593
0C81
55A1
B57B
8593
A57F
0300
03FF
8593
5C2D
A586
0300
01FF
0C8F
264B
8593
5C2D
A58D
0300
00FF
0C4F
264B
8593
5C2D
A593
0300
007F
0C2F
264B
080E
0020
1E12
A598
6C80
080E
01FF
1AF6
31A0
02F1
019B
080E
0020
1E12
A5A3
6C80
080E
01FF
1AF6
31A1
0302
2802
02F1
0193
080E
0020
1E12
A5B0
6C80
080E
01FF
1AF6
31A2
5441
B5B7
0C0D
31A3
5420
B5BB
0C0D
0800
0060
55A0
B5C0
0C0D
51A3
422D
31A0
430D
A5C6
85C8
0800
00FF
080F
FF00
2536
080F
0100
DB6C
0803
036C
54A4
A5D3
85E2
0802
004F
1D12
544D
A5DB
D512
0C04
85DD
5A3C
5824
080F
00FF
3F63
DB6D
85D0
080F
0100
D36C
02A5
0C1F
02A6
F017
02A7
00C2
02A8
7000
02A9
70FF
D2AA
D2AB
02AC
692A
02AD
7380
02AE
36E4
02AF
014A
02B0
014A
D2C7
D2D1
02D2
00DB
D2D3
02D4
06DB
02EA
03E0
02EB
0080
0300
01FF
0301
FFFF
0302
3C07
0303
0800
0304
70C0
0305
27FE
0315
0358
D31E
031F
4321
D311
D312
D313
D314
D320
0310
0008
D2F1
02F2
1004
02F3
0F00
02F4
41F4
02F5
0532
1D04
A638
0300
003F
02A5
0C1F
02A6
F005
02AC
692A
02AE
36E4
02D2
00DB
02D4
06DB
867E
0C80
55A0
B63C
867E
A64C
0300
03FF
02A5
0C3F
02A6
F012
02AC
68E1
02AE
249B
02D2
0092
02D4
0492
867E
5C2D
A65D
0300
01FF
02A5
0C1F
02A6
F017
02AC
692A
02AE
36E4
02D2
00DB
02D4
06DB
867E
5C2D
A66E
0300
00FF
02A5
0C1F
02A6
F012
02AC
692A
02AE
36E4
02D2
00DB
02D4
06DB
867E
5C2D
A67E
0300
007F
02A5
0C1F
02A6
F005
02AC
692A
02AE
36E4
02D2
00DB
02D4
06DB
1F2B
080F
0020
2AA7
0C2F
2AA7
1ECE
150E
518D
2AAF
432D
A68B
868D
02AF
01FF
1ED0
150F
518D
2AB0
432D
A694
8696
02B0
01FF
1C77
A6CF
0D0E
1E4B
A6CF
6C00
1AC3
16CE
558D
B6A1
0C0D
31A1
0807
06A7
33FE
0C3F
893B
31A2
A6AD
5461
B6AC
0C0D
86B5
5061
31A4
432D
A6B3
308D
86B5
080D
01FF
31A1
302D
2D0E
1AC2
16D0
558D
B6BD
0C0D
31A1
304D
A6C4
5461
B6C3
0C0D
86CC
5061
31A4
432D
A6CA
308D
86CC
080D
01FF
31A1
302D
2D0F
D49E
1C9C
AA21
0300
01FF
0301
AAAA
0302
2842
D303
0304
6C00
0305
2408
0315
0358
D31E
031F
4321
D311
D312
D313
D314
D320
0310
0008
02F1
0190
02F2
1004
02F3
0F00
02F4
4000
02F5
0028
1D04
A6F8
0300
003F
870E
0C80
55A0
B6FC
870E
A700
0300
03FF
870E
5C2D
A705
0300
01FF
870E
5C2D
A70A
0300
00FF
870E
5C2D
A70E
0300
007F
080F
03F0
02F1
0019
1C78
A715
6C80
080E
01FF
1AF6
31A1
0301
5555
080F
3C00
0302
0005
080F
03F0
02F1
001D
1C78
A726
6C80
080E
01FF
1AF6
31A2
1ECE
55A1
B72E
0C0D
31A1
1ED0
55A2
B733
0C0D
31A2
502D
422D
2E42
0C05
080E
4000
1E41
A784
0D0E
1E4B
A784
1D04
5C6D
A743
8748
080E
8000
1E41
A748
8784
0807
074D
33FE
0C3F
893B
A784
306D
406D
31A3
1E42
31A2
080E
2000
1E41
A761
30AD
A75B
0C2D
8771
5C2D
A75F
0C4D
8771
0C6D
8771
30AD
A767
080E
0070
1E41
8771
30AD
5C2D
A76E
080E
0380
1E41
8771
080E
1C00
1E41
31A1
3044
302D
A776
8781
5464
B784
302D
A77B
8781
5C21
A77E
8781
5044
31A4
8776
5825
5C6D
A753
30AD
0CEF
2E41
0301
AAAA
0302
28C6
02F1
019B
1D04
A792
0300
003F
87A8
0C80
55A0
B796
87A8
A79A
0300
03FF
87A8
5C2D
A79F
0300
01FF
87A8
5C2D
A7A4
0300
00FF
87A8
5C2D
A7A8
0300
007F
080F
03F0
02F1
0019
1C78
A7AF
6C80
080E
01FF
1AF6
31AC
0302
2886
02F1
0193
080F
03F0
02F1
0019
1C78
A7BE
6C80
080E
01FF
1AF6
31A0
0D0E
1E4B
A7C6
87C9
500C
422D
2E05
540C
B7CC
87D3
422D
500D
31A0
432D
A7D3
300D
87D5
080D
0100
DB62
0363
0019
2B60
DB6E
D362
0301
5555
0302
14C6
02F1
019B
080F
03F0
02F1
001D
1C78
A7E8
6C80
080E
01FF
1AF6
31AC
0302
1486
02F1
0193
080F
03F0
02F1
001D
1C78
A7F7
6C80
080E
01FF
1AF6
31A0
0D0E
1E4B
A7FF
8806
500C
422D
31A3
1E05
51A3
422D
2E05
540C
B809
8810
422D
500D
31A0
432D
A810
300D
8812
080D
0100
DB62
0363
001D
2B60
DB6E
D362
0D0E
1E4B
A81C
8820
1E05
0C0C
0C3F
8EF3
0300
03FF
0301
FFFF
0302
3C86
0304
70C0
0305
2402
D2F1
02F4
41F4
02F5
0532
1D04
A834
0300
03FF
884A
0C80
55A0
B838
884A
A83C
0300
03FF
884A
5C2D
A841
0300
03FF
884A
5C2D
A846
0300
03FF
884A
5C2D
A84A
0300
03FF
1C78
A8D6
080E
0380
1A31
A852
0C2C
8857
422D
A856
0C4C
8857
0C8C
3198
3319
1E40
0807
085F
33FE
0C5F
8E07
330D
5C2D
A864
0FE1
886B
5C2D
A869
0801
003E
886B
0801
007C
0C17
081C
0512
302D
A871
88B4
0805
0050
1D12
582D
54AD
A87A
0C0D
35BC
887B
5A3C
1D13
2B6C
080F
0100
DB6C
DB6D
3B85
30AD
41AD
43AD
5CED
A888
886E
5C21
5837
5C39
A86E
3319
6620
080E
7FFF
1B0A
31A2
4022
080E
7FFF
1B06
31A5
4025
426D
55A5
55A2
B89D
88B4
1C68
A8AC
080E
8000
0C0D
A8A4
88AC
080E
1F00
1CA3
A8A9
88AC
7402
5C2D
88A7
1A9D
1A9D
31A2
5482
B8B4
5443
B8B4
886E
32E0
3B85
30AD
300D
080F
FF00
2C9E
3B81
1C90
55A1
A8C0
88CE
1D12
A8C6
080D
004F
35BC
88C7
5E3C
1D13
2B6C
080F
0100
DB6C
DB6D
88BB
0C17
0807
08D3
33FE
8E27
080F
0100
D36C
0301
FFFF
0302
3CC6
D303
0304
70C0
0305
2402
0315
0358
D31E
031F
4321
D311
D312
D313
D314
D320
0310
0008
D2F1
02F2
1004
02F3
0F00
02F4
41F4
02F5
0532
1C78
A9F7
330D
5C2D
A8FB
0FE1
8902
5C2D
A900
0801
003E
8902
0801
007C
3319
302D
A906
8948
0C05
1D12
5C2D
55A5
A90F
080D
004F
35BC
8910
5E3C
1D13
2B6C
080F
0100
DB6C
DB6D
3B85
30AD
41AD
43AD
A91C
8903
5C21
5837
080F
00FF
2C9E
5C39
A903
3319
6620
080E
7FFF
1B0A
31A2
4022
080E
7FFF
1B06
426D
544D
B931
8948
1C68
A940
080E
8000
0C0D
A938
8940
080E
1F00
1CA3
A93D
8940
7402
5C2D
893B
1A9D
1A9D
31A2
5482
B948
5443
B948
8903
32E1
3B85
30AD
302D
080F
00FF
2C9E
3B85
1C90
55A5
A954
8963
1D12
0805
004F
54AD
A95B
35BC
895C
5A3C
1D13
2B6C
080F
0100
DB6C
DB6D
894F
080F
0100
D36C
0D0E
1E41
A96A
8972
1D04
5C6D
A96E
8975
080E
8000
1E41
A975
0CEE
1E41
8976
1E43
A978
8987
402D
31AC
330D
5C2D
A97E
8985
5C2D
A982
402C
8985
5C2D
A985
404C
5180
31A0
5420
B9BD
5401
422D
A98D
89F4
31A4
080E
01E0
172C
0DEE
1EE0
51AC
330D
5C2D
A998
899F
5C2D
A99C
402C
899F
5C2D
A99F
404C
318D
3185
548D
B9A4
30A4
308D
A9A7
89F4
1D12
A9AD
080D
004F
35BC
89AE
5E3C
1D13
2B6C
080F
0100
DB6C
DB6D
3B85
30AD
41AD
43AD
A9BB
308D
89A5
5C24
89A5
582D
422D
A9C1
89F4
31A4
0DEE
172C
0DEE
1EE0
55AC
B9C9
0C0C
330D
5C2D
A9CD
89D4
5C2D
A9D1
402C
89D4
5C2D
A9D4
404C
318D
3185
548D
B9D9
30A4
308D
A9DC
89F4
1D12
0805
004F
54AD
A9E3
35BC
89E4
5A3C
1D13
2B6C
080F
0100
DB6C
DB6D
3B85
30AD
41AD
43AD
5CED
A9F2
308D
89DA
5C24
89DA
080F
0100
D36C
1C78
AA21
1D05
31A0
AA03
3B8D
31B8
2E1D
0C4F
DE1F
1E1D
8A1D
0C6C
5580
AA0D
3B8D
31B8
2E1D
0C4F
DE1F
1E1D
8A1D
0C4C
5580
AA17
3B8D
31B8
2EC2
0C4F
DEC4
1EC2
8A1D
3B8D
31B8
2E28
0C4F
DE2A
1E28
0807
0A21
33FE
8E27
1C9C
AB5A
02A5
0C07
02A6
F017
02A7
00C2
02A8
7000
02A9
70FF
D2AA
D2AB
02AC
6922
02AD
7380
02AE
249B
02AF
014A
02B0
014A
D2C7
D2D1
02D2
0092
D2D3
02D4
06DB
02EA
03E0
02EB
0080
0301
FFFF
0302
3C47
0303
0800
0304
70C0
0305
27FE
0315
0358
D31E
031F
4321
D311
D312
D313
D314
D320
0310
0008
D2F1
02F2
1004
02F3
0F00
02F4
41F4
02F5
0532
1D04
AA74
0300
003F
02A5
0C07
02A6
F005
02AC
6922
02AE
249B
02D2
0092
02D4
06DB
8ABA
0C80
55A0
BA78
8ABA
AA88
0300
03FF
02A5
0C0F
02A6
F012
02AC
68D9
02AE
1252
02D2
0049
02D4
0492
8ABA
5C2D
AA99
0300
01FF
02A5
0C07
02A6
F017
02AC
6922
02AE
249B
02D2
0092
02D4
06DB
8ABA
5C2D
AAAA
0300
00FF
02A5
0C07
02A6
F012
02AC
6922
02AE
249B
02D2
0092
02D4
06DB
8ABA
5C2D
AABA
0300
007F
02A5
0C07
02A6
F005
02AC
6922
02AE
249B
02D2
0092
02D4
06DB
1F2B
080F
0020
2AA7
0C2F
2AA7
1ECE
150E
518D
2AAF
432D
AAC7
8AC9
02AF
01FF
1ED0
150F
518D
2AB0
432D
AAD0
8AD2
02B0
01FF
1C77
AB0B
0D0E
1E4B
AB0B
6C00
1AC3
16CE
558D
BADD
0C0D
31A1
0807
0AE3
33FE
0C3F
893B
31A2
AAE9
5461
BAE8
0C0D
8AF1
5061
31A4
432D
AAEF
308D
8AF1
080D
01FF
31A1
302D
2D0E
1AC2
16D0
558D
BAF9
0C0D
31A1
304D
AB00
5461
BAFF
0C0D
8B08
5061
31A4
432D
AB06
308D
8B08
080D
01FF
31A1
302D
2D0F
080F
0800
D303
080F
00FF
02A9
00FE
080F
4000
D2A8
1D0E
31A1
0807
0B1C
33FE
0C3F
893B
172B
3180
080F
0020
2302
080F
0080
2B02
5461
BB27
0C0D
16CE
518D
31A4
432D
AB2E
308D
8B30
080D
01FF
2AAF
1D0F
31A1
5461
BB36
0C0D
16D0
518D
31A4
432D
AB3D
308D
8B3F
080D
01FF
2AB0
1C77
AB4E
0D0E
1E4B
AB46
8B4D
080E
03FF
1AA5
404D
080F
03FF
2AA5
6C00
1AC3
16CE
558D
BB53
0C0D
2D0E
1AC2
16D0
558D
BB59
0C0D
2D0F
1C9C
AD00
1C77
AD00
0C2E
1A49
AB62
8D00
1CAE
AD00
0300
07FF
0301
FFFF
0302
3C47
D303
0304
7140
0305
27FC
0315
0358
031E
000F
031F
CBA9
D311
D312
D313
D314
D320
0310
0008
D2F1
02F2
1004
02F3
0F00
02F4
41F4
02F5
0532
1D04
AB8A
0300
07FF
8BA0
0C80
55A0
BB8E
8BA0
AB92
0300
0FFF
8BA0
5C2D
AB97
0300
07FF
8BA0
5C2D
AB9C
0300
07FF
8BA0
5C2D
ABA0
0300
07FF
1ECE
150E
518D
31A4
432D
ABA8
308D
8BAA
080D
01FF
DB62
0363
0019
2B60
DB6E
1ED0
150F
518D
31A4
432D
ABB7
308D
8BB9
080D
01FF
0363
001D
2B60
DB6E
D362
0807
0BC3
33FE
0C3F
893B
172B
3180
080F
0020
2302
080F
0080
2B02
1C77
ABCE
6640
080E
7FFF
1306
3180
1B0B
0807
0BD6
8C0F
2D20
1B0C
0807
0BDB
8C0F
2D21
1B0D
0807
0BE0
8C0F
2D22
1B0E
0807
0BE5
8C0F
2D23
1B0F
0807
0BEA
8C0F
2D24
1B17
0807
0BEF
8C0F
2D25
1B18
0807
0BF4
8C0F
2D26
1B19
0807
0BF9
8C0F
2D27
1B1A
0807
0BFE
8C0F
2D28
1B1B
0807
0C03
8C0F
2D29
1B1C
0807
0C08
8C0F
2D2A
1B1D
0807
0C0D
8C0F
2D2B
8C17
402D
31A1
5401
BC14
5420
AC16
0C2D
9007
DD2C
1D2D
AC1B
8C18
D52C
1D2D
AC1C
0DEE
1D2E
0DEF
2B76
080E
00F0
1D2E
080F
01E0
2B76
080E
0F00
1D2E
080F
3C00
2B76
080E
F000
1D2E
0DEF
2B75
0E0F
DB76
080F
0200
DB76
080F
4000
DB76
0E0F
DB75
080F
0020
D375
02A5
0C1F
02A6
F017
D2A7
02A8
3100
02A9
7F00
D2AA
D2AB
02AC
6922
02AD
7380
02AE
249B
02AF
014A
02B0
014A
D2C7
D2D1
02D2
0092
D2D3
02D4
06DB
02EA
03E0
02EB
0080
0300
01FF
0301
FFFF
0302
3C47
D303
0304
70C0
0305
2402
0315
0358
031E
000F
031F
4321
D311
D312
D313
D314
D320
0310
0008
D2F1
02F2
1004
02F3
0F00
02F4
41F4
02F5
0532
1D04
AC92
0300
003F
02A5
0C1F
02A6
F005
02AC
6922
02AE
249B
02D2
0092
02D4
06DB
8CD8
0C80
55A0
BC96
8CD8
ACA6
0300
03FF
02A5
0C3F
02A6
F012
02AC
68D9
02AE
1252
02D2
0049
02D4
0492
8CD8
5C2D
ACB7
0300
01FF
02A5
0C1F
02A6
F017
02AC
6922
02AE
249B
02D2
0092
02D4
06DB
8CD8
5C2D
ACC8
0300
00FF
02A5
0C1F
02A6
F012
02AC
6922
02AE
249B
02D2
0092
02D4
06DB
8CD8
5C2D
ACD8
0300
007F
02A5
0C1F
02A6
F005
02AC
6922
02AE
249B
02D2
0092
02D4
06DB
0807
0CDD
33FE
0C3F
893B
172B
3180
080F
0020
2302
080F
0080
2B02
1D2E
2B1F
1ECE
150E
518D
31A4
432D
ACEF
308D
8CF1
080D
01FF
2AAF
1ED0
150F
518D
31A4
432D
ACFA
308D
8CFC
080D
01FF
2AB0
1C77
AD00
6C00
1AC3
16CE
558D
BD05
0C0D
2D0E
1AC2
16D0
558D
BD0B
0C0D
2D0F
1C9C
AE04
0300
01FF
0301
AAAA
0302
28C6
D303
0304
6C00
0305
2408
0315
0358
D31E
031F
4321
D311
D312
D313
D314
D320
0310
0008
02F1
0193
02F2
1004
02F3
0F00
02F4
4000
02F5
0028
1D04
AD34
0300
003F
8D4A
0C80
55A0
BD38
8D4A
AD3C
0300
03FF
8D4A
5C2D
AD41
0300
01FF
8D4A
5C2D
AD46
0300
00FF
8D4A
5C2D
AD4A
0300
007F
080E
0020
1E12
AD4F
6C80
080E
01FF
1AF6
31A0
0301
AAAA
0302
28C6
02F1
019B
080E
0020
1E12
AD5E
6C80
080E
01FF
1AF6
31A1
0301
AAAA
0302
2886
02F1
0193
080E
0020
1E12
AD6D
6C80
080E
01FF
1AF6
31A2
0D0E
1E4B
AD75
8DA8
5041
422D
2E06
0301
5555
0302
14C6
02F1
019B
080F
03F0
02F1
001D
080E
0020
1E12
AD87
6C80
080E
01FF
1AF6
31AC
0301
5555
0302
1486
02F1
0193
080F
03F0
02F1
001D
080E
0020
1E12
AD9A
6C80
080E
01FF
1AF6
31A3
506C
422D
31A3
1E06
51A3
422D
2E06
0C2C
0C3F
8EF3
5441
BDAB
0C0D
31A3
5420
BDAF
0C0D
0800
0040
55A0
BDB4
0C0D
51A3
422D
31A0
430D
ADBA
8DBC
0800
00FF
250D
1C78
ADC0
8DC2
0C00
8DD5
080E
FF00
1C9E
080E
00FF
149E
518D
402D
31A0
080E
0380
1A31
ADD0
8DD5
422D
ADD4
4220
8DD5
4240
080F
00FF
2536
080E
FF00
1536
5180
31A1
1E40
0807
0DE3
33FE
0C5F
8E07
1A9D
1A9D
31A2
302C
5482
BDEC
5443
BDEC
8DEE
0C0D
8E03
0807
0DF3
33FE
0C3F
893B
ADF5
8DFC
306D
422D
55AC
BDFB
0C0D
8E03
31AC
318D
430D
AE01
318D
8E03
080D
00FF
2C1B
0C1F
33FE
8995
31A0
0C2E
1EE1
AE0D
0800
2000
300D
080E
FFFE
16E1
3183
546D
BE16
0C03
8E17
31A3
080E
FFFE
16E1
3184
5080
31A0
0804
3FFF
55A4
BE24
0804
3FFF
8E25
3004
33DF
9007
0C6E
1C0A
2E45
0C2F
DC0A
0C4F
DC0A
1C9C
AE34
0C2F
DC2B
0C4F
DC2B
080F
0030
0220
0002
0C4E
1A3C
AE38
080E
C000
1EDF
AE41
1E40
2A9D
1C68
AE4F
080E
8000
1CA3
AE48
8E4F
0FEE
1CA3
AE4C
8E4F
7402
5C2D
8E4A
080F
0030
0220
0003
0C4E
1A3C
AE57
8E53
080F
0020
D220
1E45
0C6F
2C0A
1C9C
AE61
0C4F
D42B
1A9D
1A9D
080F
3FFF
2EDF
33DF
9007
0C8F
DB5D
0300
7D00
0301
AAAA
0302
28C6
D303
0304
2C00
0305
6408
0315
0358
D31E
031F
4321
D311
D312
D313
D314
D320
0310
0008
02F1
0197
02F2
1004
02F3
0F00
02F4
4000
02F5
0028
0300
7D00
0C2E
1E13
AE91
6C80
080E
01FF
1AF6
31A0
0301
AAAA
0302
28C6
D303
0304
2C00
0305
6408
0315
0358
D31E
031F
4321
D311
D312
D313
D314
D320
0310
0008
02F1
019F
02F2
1004
02F3
0F00
02F4
4000
02F5
0028
0C2E
1E13
AEB8
6C80
080E
01FF
1AF6
31A1
0301
AAAA
0302
2886
D303
0304
2C00
0305
6408
0315
0358
D31E
031F
4321
D311
D312
D313
D314
D320
0310
0008
02F1
0197
02F2
1004
02F3
0F00
02F4
4000
02F5
0028
0C2E
1E13
AEDF
6C80
080E
01FF
1AF6
31A2
5441
BEE6
0C0D
31A3
5420
BEEA
0C0D
0800
0040
55A0
BEEF
0C0D
51A3
422D
31A0
430D
AEF5
8EF7
0800
00FF
250C
0C8F
D35D
0C3F
33FE
9016
0000
0000
0000
0000
0000
0000
0000
0000
0000
0000
0000
0000
0000
0000
0000
0000
0000
0000
0000
0000
0000
0000
0000
0000
0000
0000
0000
0000
0000
0000
0000
0000
0000
0000
0000
0000
0000
0000
0000
0000
0000
0000
0000
0000
0000
0000
0000
0000
0000
0000
0000
0000
0000
0000
0000
0000
0000
0000
0000
0000
0000
0000
0000
0000
0000
0000
0000
0000
0000
0000
0000
0000
0000
0000
0000
0000
0000
0000
0000
0000
0000
0000
0000
0000
0000
0000
0000
0000
0000
0000
0000
0000
0000
0000
0000
0000
0000
0000
0000
0000
0000
0000
0000
0000
0000
0000
0000
0000
0000
0000
0000
0000
0000
0000
0000
0000
0000
0000
0000
0000
0000
0000
0000
0000
0000
0000
0000
0000
0000
0000
0000
0000
0000
0000
0000
0000
0000
0000
0000
0000
0000
0000
0000
0000
0000
0000
0000
0000
0000
0000
0000
0000
0000
0000
0000
0000
0000
0000
0000
0000
0000
0000
0000
0000
0000
0000
0000
0000
0000
0000
0000
0000
0000
0000
0000
0000
0000
0000
0000
0000
0000
0000
0000
0000
0000
0000
0000
0000
0000
0000
0000
0000
0000
0000
0000
0000
0000
0000
0000
0000
0000
0000
0000
0000
0000
0000
0000
0000
0000
0000
0000
0000
0000
0000
0000
0000
0000
0000
0000
0000
0000
0000
0000
0000
0000
0000
0000
0000
0000
0000
0000
0000
0000
0000
0000
0000
0000
0000
0000
0000
0000
0000
0000
0000
0000
0000
0000
0000
0000
0000
0000
0000
0000
0000
0000
0000
0000
0000
0000
1CEC
A003
83B7
1CE6
A006
8009
D530
DB16
DCE7
1CE8
A00C
83B1
1C64
A280
081C
0512
080E
0380
1A31
A016
0C2C
801B
5C2D
A01A
0C4C
801B
0C8C
1D10
2D12
35BC
1D13
080F
00FF
2B6A
080F
0100
DB6A
DB6B
3198
0C8F
D367
0C2F
DB67
0C4F
DB67
080F
4000
DB55
080F
8000
DB55
0C38
0C59
080E
0380
1A31
31B7
0C23
0C1F
8EEC
0C8F
DB5D
02A5
0C10
02A6
F009
02A7
00C2
D2A8
02A9
7000
D2AA
D2AB
02AC
792B
02AD
2142
02AE
4925
D2AF
D2B0
D2C7
D2D1
02D2
0124
D2D3
02D4
0924
02EA
03E0
02EB
0080
0300
00FF
0301
FFFF
0302
3C84
D303
0304
7040
0305
2408
0315
0358
D31E
031F
4321
D311
D312
D313
D314
D320
0310
0008
D2F1
02F2
1004
02F3
0F00
02F4
41F4
02F5
0532
DB62
0363
0021
1E0D
31A1
0807
0086
33FE
0C3F
893B
31A2
A091
5061
31A4
432D
A08E
308D
8094
080D
01FF
8094
5461
B094
0C0D
31A1
302D
2B60
DB6E
0363
0022
1E0E
31A1
0807
00A1
33FE
0C3F
893B
31A2
A0AC
5061
31A4
432D
A0A9
308D
80AF
080D
01FF
80AF
5461
B0AF
0C0D
31A1
302D
2B60
DB6E
D362
080E
1C00
1A31
31B9
5C4D
A0BC
0E0C
80C7
332D
5C6D
A0C1
0E8C
80C7
332D
5C8D
A0C6
0E0C
80C7
0C2C
3199
080D
0050
422D
31A1
330D
5C2D
A0D0
80D5
5C2D
A0D4
4021
80D5
4041
081C
0512
5C39
B0DA
8103
6660
080E
7FFF
1B0C
31A2
31A3
4043
5062
31A2
080E
7FFF
1B06
31A3
4043
5443
B0EB
8103
3020
300D
5C2D
B0F0
80D7
1D12
0802
0050
582D
544D
A0F8
D512
80F9
5A3C
1D13
080F
00FF
2B6A
080F
0100
DB6A
DB6B
5C20
80EC
1A38
2B5B
080F
0800
DB5B
080F
1000
DB5B
081C
0512
0D40
300D
5C2D
B112
8123
1D12
5C2D
B118
0512
004E
8119
5E3C
1D13
080F
00FF
2B6A
080F
0100
DB6A
DB6B
5C20
810E
0300
007F
DB01
D302
D303
0304
4000
0305
2408
0315
0358
D31E
031F
4321
D311
D312
D313
D314
D320
0310
0008
D2F1
02F2
1004
02F3
0F00
02F4
41F4
02F5
0532
0355
C000
035D
0047
035E
07DF
D363
D364
D365
D36F
0368
0E38
DB69
D370
D371
D372
D34C
0D59
0E8D
532D
31B9
5C39
B159
8177
6660
080E
7FFF
1B0C
402D
31A2
080E
7FFF
1B06
31A3
5443
B177
1D12
0802
0050
582D
544D
A16D
D512
816E
5A3C
1D13
080F
00FF
2B6A
080F
0100
DB6A
DB6B
8156
080F
1000
D35B
0300
7D00
0301
AAAA
0302
28C6
D303
0304
2C00
0305
6408
080F
C000
D305
0315
0358
D31E
031F
4321
D311
D312
D313
D314
D320
0310
0008
02F1
019F
02F2
1004
02F3
0F00
02F4
4000
02F5
0028
080F
03F0
02F1
0021
6C80
080E
01FF
1AF6
31A1
0301
AAAA
0302
2886
D303
0304
2C00
0305
6408
080F
C000
D305
0315
0358
D31E
031F
4321
D311
D312
D313
D314
D320
0310
0008
02F1
0197
02F2
1004
02F3
0F00
02F4
4000
02F5
0028
080F
03F0
02F1
0021
6C80
080E
01FF
1AF6
31A2
5041
422D
31A1
DB62
0363
0021
2B60
DB6E
D362
160D
5581
B1E2
542C
0803
0020
81E3
0C03
31A0
42AD
A1E8
300D
81E9
0FED
506D
080F
0FC0
2D37
0300
7D00
0301
5555
0302
14C6
D303
0304
2C00
0305
6408
080F
C000
D305
0315
0358
D31E
031F
4321
D311
D312
D313
D314
D320
0310
0008
02F1
019F
02F2
1004
02F3
0F00
02F4
4000
02F5
0028
080F
03F0
02F1
0022
6C80
080E
01FF
1AF6
31A1
0301
5555
0302
1486
D303
0304
2C00
0305
6408
080F
C000
D305
0315
0358
D31E
031F
4321
D311
D312
D313
D314
D320
0310
0008
02F1
0197
02F2
1004
02F3
0F00
02F4
4000
02F5
0028
080F
03F0
02F1
0022
6C80
080E
01FF
1AF6
31A2
5041
422D
31A1
DB62
0363
0022
2B60
DB6E
D362
160E
5581
B255
542C
0803
0020
8256
0C03
31A0
42AD
A25B
300D
825C
0FED
506D
080F
003F
2D37
0300
7D00
0301
FFFF
0302
3C84
D303
0304
7070
0305
2408
0315
035C
D31E
031F
4321
D311
D312
D313
D314
D320
0310
0008
D2F1
02F2
1004
02F3
0F00
02F4
41F4
02F5
0532
D530
DB16
0C8F
DB15
080F
0020
DB15
080F
8000
DB00
DCE9
DCE7
D490
1CEC
A294
0807
0292
83B9
7005
828D
1CE6
A297
82A0
D530
DB16
080F
0020
DB15
080F
8000
DB00
DCE7
1CE4
A2A3
8332
1C64
A331
080F
0020
DB15
DB62
080E
0200
152F
080E
00FF
1D2F
31A0
1E0E
31A1
080E
0020
1D37
31A2
0FEE
1D37
31A3
0C04
1C90
A2CC
304D
A2C7
5061
31B8
432D
A2C4
3305
82CB
0805
01FF
82CB
5461
31A5
B2CB
0C05
82CE
1C91
31A5
300D
A2D1
82EF
5480
A2D4
82EF
318D
A2D7
82DE
5824
5485
B2DC
0C18
82E8
31B8
82E8
5824
5085
31B8
432D
A2E5
330D
82E8
080D
01FF
31B8
0363
0022
330D
2B60
DB6E
2C91
82D1
1E0D
31A1
080E
0800
1D37
31A2
080E
07C0
1D37
31A3
0C04
1C90
A30D
DC90
304D
A308
5061
31B8
432D
A305
3305
830C
0805
01FF
830C
5461
31A5
B30C
0C05
830F
1C92
31A5
300D
A312
8330
5480
A315
8330
318D
A318
831F
5824
5485
B31D
0C18
8329
31B8
8329
5824
5085
31B8
432D
A326
330D
8329
080D
01FF
31B8
0363
0021
330D
2B60
DB6E
2C92
8312
D362
DCE5
1CE2
A335
8386
1C64
A385
080F
0020
DB15
080E
0080
1514
080E
007F
1D14
31A0
3181
081C
0512
300D
A347
8385
302D
A34A
8366
1D12
A34F
0512
004F
8355
3B98
330D
41AD
43AD
A354
5E3C
1D13
080F
00FF
2B6A
080F
0100
DB6A
DB6B
3B98
330D
41AD
43AD
5CED
A364
834A
5C20
8344
0818
004F
1D12
570D
A36D
D512
8374
3B98
330D
41AD
43AD
5CED
A373
5A3C
1D13
080F
00FF
2B6A
080F
0100
DB6A
DB6B
3B98
330D
41AD
43AD
5CED
A383
8366
5C20
8344
DCE3
080F
0020
D315
0807
038C
83B9
1CEA
A390
DCED
828D
0C8F
D315
080F
0020
DB15
0315
0358
080F
0100
D36A
DB16
080F
C000
D355
0C4F
D367
D355
D35D
D35E
D363
D364
D365
D36F
0368
0E38
D369
D370
D371
D372
D34C
DCEB
DCED
83B7
DCE9
DCE7
DCE5
DCE3
DCEB
DCED
0C1F
81E5
080F
0F80
0315
0007
1C64
A3C3
080E
7FFF
1B21
83C5
1D30
582D
080F
0080
D315
31A0
42CD
A3CD
2530
83CF
0530
003F
9007
0C8F
DB5D
080F
1000
DB68
0368
1E38
02A5
0C10
02A6
F009
02A7
00C2
D2A8
02A9
7000
D2AA
D2AB
02AC
792B
02AD
2142
02AE
4925
D2AF
D2B0
D2C7
D2D1
02D2
0124
D2D3
02D4
0924
02EA
03E0
02EB
0080
0300
7D00
D303
0304
2C00
0305
6408
0315
0358
D31E
031F
4321
D311
D312
D313
D314
D320
0310
0008
02F2
1004
02F3
0F00
02F4
4000
02F5
0028
0301
AAAA
0302
2847
02F1
019F
080F
03F0
02F1
0019
6C80
080E
01FF
1AF6
31A0
0301
AAAA
0302
28A7
02F1
0197
080F
03F0
02F1
0019
6C80
080E
01FF
1AF6
500D
422D
31A0
432D
A433
8435
0800
0100
1ECE
31A2
0806
043A
88FE
3041
0806
043E
88A5
0807
0443
33FE
0C3F
893B
306C
0806
0447
88A5
0806
044A
887D
304D
2ECE
0300
7D00
0301
AAAA
0302
28C6
02F1
019F
080F
03F0
02F1
0019
6C80
080E
01FF
1AF6
31A0
0301
AAAA
0302
2886
02F1
0197
080F
03F0
02F1
0019
6C80
080E
01FF
1AF6
500D
422D
31A0
432D
A471
8473
0800
0100
1ECE
31A2
0806
0478
88FE
3041
0806
047C
88A5
0807
0481
33FE
0C3F
893B
306C
0806
0485
88A5
0806
0488
8890
50A1
5C4D
DB62
2B60
0363
0019
DB6E
D362
0806
0493
88FE
0806
0496
88C2
0300
7D00
0301
5555
0302
1447
02F1
019F
080F
03F0
02F1
001D
6C80
080E
01FF
1AF6
31A0
0301
5555
0302
14A7
02F1
0197
080F
03F0
02F1
001D
6C80
080E
01FF
1AF6
500D
422D
31A0
432D
A4BB
84BD
0800
0100
1ED0
31A2
0806
04C2
8928
3041
0806
04C6
88A5
0807
04CB
33FE
0C3F
893B
306C
0806
04CF
88A5
0806
04D2
887D
304D
2ED0
0300
7D00
0301
5555
0302
14C6
02F1
019F
080F
03F0
02F1
001D
6C80
080E
01FF
1AF6
31A0
0301
5555
0302
1486
02F1
0197
080F
03F0
02F1
001D
6C80
080E
01FF
1AF6
500D
422D
31A0
432D
A4F9
84FB
0800
0100
1ED0
31A2
0806
0500
8928
3041
0806
0504
88A5
0807
0509
33FE
0C3F
893B
306C
0806
050D
88A5
0806
0510
8890
50A1
5C4D
DB62
2B60
0363
001D
DB6E
D362
0806
051B
8928
0806
051E
88C2
0368
1618
0368
1410
0368
1C30
0300
7D00
0301
AAAA
0302
2847
02F1
019F
080F
03F0
02F1
001A
6C80
080E
01FF
1AF6
31A0
0301
AAAA
0302
28A7
02F1
0197
080F
03F0
02F1
001A
6C80
080E
01FF
1AF6
500D
422D
31A0
432D
A549
854B
0800
0100
1ECF
31A2
0806
0550
8952
3041
0806
0554
88A5
0807
0559
33FE
0C3F
893B
306C
0806
055D
88B3
0806
0560
887D
304D
2ECF
0300
7D00
0301
AAAA
0302
2846
02F1
019F
080F
03F0
02F1
001A
6C80
080E
01FF
1AF6
31A0
0301
AAAA
0302
2806
02F1
0197
080F
03F0
02F1
001A
6C80
080E
01FF
1AF6
500D
422D
31A0
432D
A587
8589
0800
0100
1ECF
31A2
0806
058E
8952
3041
0806
0592
88A5
0807
0597
33FE
0C3F
893B
306C
0806
059B
88B3
0806
059E
8890
50A1
5C4D
DB62
2B60
0363
001A
DB6E
D362
0806
05A9
8952
0806
05AC
88C2
0300
7D00
0301
5555
0302
1447
02F1
019F
080F
03F0
02F1
001E
6C80
080E
01FF
1AF6
31A0
0301
5555
0302
14A7
02F1
0197
080F
03F0
02F1
001E
6C80
080E
01FF
1AF6
500D
422D
31A0
432D
A5D1
85D3
0800
0100
1ED1
31A2
0806
05D8
897C
3041
0806
05DC
88A5
0807
05E1
33FE
0C3F
893B
306C
0806
05E5
88B3
0806
05E8
887D
304D
2ED1
0300
7D00
0301
5555
0302
1446
02F1
019F
080F
03F0
02F1
001E
6C80
080E
01FF
1AF6
31A0
0301
5555
0302
1406
02F1
0197
080F
03F0
02F1
001E
6C80
080E
01FF
1AF6
500D
422D
31A0
432D
A60F
8611
0800
0100
1ED1
31A2
0806
0616
897C
3041
0806
061A
88A5
0807
061F
33FE
0C3F
893B
306C
0806
0623
88B3
0806
0626
8890
50A1
5C4D
DB62
2B60
0363
001E
DB6E
D362
0806
0631
897C
0806
0634
88C2
0368
1410
0368
1000
0368
1041
0368
10C3
0368
1082
0368
1186
0368
19A6
0300
7D00
0301
AAAA
0302
2847
02F1
019F
080F
03F0
02F1
0017
6C80
080E
01FF
1AF6
31A0
0301
AAAA
0302
28A7
02F1
0197
080F
03F0
02F1
0017
6C80
080E
01FF
1AF6
500D
422D
31A0
432D
A667
8669
0800
0100
1E09
31A2
0806
066E
89A6
3041
0806
0672
88A5
0807
0677
33FE
0C3F
893B
306C
0806
067B
88A5
0806
067E
887D
304D
2E09
0300
7D00
0301
AAAA
0302
28C6
02F1
019F
080F
03F0
02F1
0017
6C80
080E
01FF
1AF6
31A0
0301
AAAA
0302
2886
02F1
0197
080F
03F0
02F1
0017
6C80
080E
01FF
1AF6
500D
422D
31A0
432D
A6A5
86A7
0800
0100
1E09
31A2
0806
06AC
89A6
3041
0806
06B0
88A5
0807
06B5
33FE
0C3F
893B
306C
0806
06B9
88A5
0806
06BC
8890
50A1
5C4D
DB62
2B60
0363
0017
DB6E
D362
0806
06C7
89A6
0806
06CA
88C2
0300
7D00
0301
5555
0302
1447
02F1
019F
080F
03F0
02F1
001B
6C80
080E
01FF
1AF6
31A0
0301
5555
0302
14A7
02F1
0197
080F
03F0
02F1
001B
6C80
080E
01FF
1AF6
500D
422D
31A0
432D
A6EF
86F1
0800
0100
1E0B
31A2
0806
06F6
89D0
3041
0806
06FA
88A5
0807
06FF
33FE
0C3F
893B
306C
0806
0703
88A5
0806
0706
887D
304D
2E0B
0300
7D00
0301
5555
0302
14C6
02F1
019F
080F
03F0
02F1
001B
6C80
080E
01FF
1AF6
31A0
0301
5555
0302
1486
02F1
0197
080F
03F0
02F1
001B
6C80
080E
01FF
1AF6
500D
422D
31A0
432D
A72D
872F
0800
0100
1E0B
31A2
0806
0734
89D0
3041
0806
0738
88A5
0807
073D
33FE
0C3F
893B
306C
0806
0741
88A5
0806
0744
8890
50A1
5C4D
DB62
2B60
0363
001B
DB6E
D362
0806
074F
89D0
0806
0752
88C2
0368
1186
0368
138E
0368
1BAE
0300
7D00
0301
AAAA
0302
2847
02F1
019F
080F
03F0
02F1
0018
6C80
080E
01FF
1AF6
31A0
0301
AAAA
0302
28A7
02F1
0197
080F
03F0
02F1
0018
6C80
080E
01FF
1AF6
500D
422D
31A0
432D
A77D
877F
0800
0100
1E0A
31A2
0806
0784
89FA
3041
0806
0788
88A5
0807
078D
33FE
0C3F
893B
306C
0806
0791
88B3
0806
0794
887D
304D
2E0A
0300
7D00
0301
AAAA
0302
2846
02F1
019F
080F
03F0
02F1
0018
6C80
080E
01FF
1AF6
31A0
0301
AAAA
0302
2806
02F1
0197
080F
03F0
02F1
0018
6C80
080E
01FF
1AF6
500D
422D
31A0
432D
A7BB
87BD
0800
0100
1E0A
31A2
0806
07C2
89FA
3041
0806
07C6
88A5
0807
07CB
33FE
0C3F
893B
306C
0806
07CF
88B3
0806
07D2
8890
50A1
5C4D
DB62
2B60
0363
0018
DB6E
D362
0806
07DD
89FA
0806
07E0
88C2
0300
7D00
0301
5555
0302
1447
02F1
019F
080F
03F0
02F1
001C
6C80
080E
01FF
1AF6
31A0
0301
5555
0302
14A7
02F1
0197
080F
03F0
02F1
001C
6C80
080E
01FF
1AF6
500D
422D
31A0
432D
A805
8807
0800
0100
1E0C
31A2
0806
080C
8A24
3041
0806
0810
88A5
0807
0815
33FE
0C3F
893B
306C
0806
0819
88B3
0806
081C
887D
304D
2E0C
0300
7D00
0301
5555
0302
1446
02F1
019F
080F
03F0
02F1
001C
6C80
080E
01FF
1AF6
31A0
0301
5555
0302
1406
02F1
0197
080F
03F0
02F1
001C
6C80
080E
01FF
1AF6
500D
422D
31A0
432D
A843
8845
0800
0100
1E0C
31A2
0806
084A
8A24
3041
0806
084E
88A5
0807
0853
33FE
0C3F
893B
306C
0806
0857
88B3
0806
085A
8890
50A1
5C4D
DB62
2B60
0363
001C
DB6E
D362
0806
0865
8A24
0806
0868
88C2
0368
138E
0368
179E
0368
17DF
0368
175D
0368
171C
0368
1618
0368
1E38
080F
1000
D368
0C8F
D35D
0C3F
80B7
0C45
5402
B887
080D
01DF
55A1
B88F
5822
5825
888F
A889
888F
080D
0020
544D
B88F
5C22
5C25
9006
0C23
5401
B89B
080D
01DF
55A1
B8A4
5822
5825
5823
88A4
A89D
88A4
080D
0020
542D
B8A4
5C22
5C25
5C23
9006
A8AE
5181
31A1
432D
A8AB
88B2
0801
0200
88B2
5581
31A1
B8B2
0C01
9006
A8B5
88BD
5181
31A1
432D
A8BA
88C1
0801
0200
88C1
5581
31A1
B8C1
0C01
9006
080E
003F
3885
080E
0020
388D
A8E0
306D
5C2D
A8CD
88FA
306D
5C4D
B8DA
30AD
5C2D
B8D4
88D5
A8D8
0805
0020
88FA
5C25
88FA
5825
0FED
54AD
B8FA
0FE5
88FA
306D
5C2D
A8E4
88FA
306D
5C4D
B8EF
5825
080D
003F
54AD
B8FA
0805
003F
88FA
080D
0020
55A5
5C2D
B8F5
88F6
A8F8
0C05
88FA
5C25
88FA
080F
003F
34A4
9006
1D05
A908
16E9
3184
0FEE
16E9
080E
0020
1EE9
8927
31AC
0C6D
558D
A914
16E9
3184
0FEE
16E9
080E
0020
1EE9
8927
5C2D
A91E
16F1
3184
0FEE
16F1
080E
0020
1EF1
8927
5C2D
A927
16ED
3184
0FEE
16ED
080E
0020
1EED
9006
1D05
A932
16EB
3184
0FEE
16EB
080E
0020
1EEB
8951
31AC
0C6D
558D
A93E
16EB
3184
0FEE
16EB
080E
0020
1EEB
8951
5C2D
A948
16F3
3184
0FEE
16F3
080E
0020
1EF3
8951
5C2D
A951
16EF
3184
0FEE
16EF
080E
0020
1EEF
9006
1D05
A95C
16EA
3184
0FEE
16EA
080E
0020
1EEA
897B
31AC
0C6D
558D
A968
16EA
3184
0FEE
16EA
080E
0020
1EEA
897B
5C2D
A972
16F2
3184
0FEE
16F2
080E
0020
1EF2
897B
5C2D
A97B
16EE
3184
0FEE
16EE
080E
0020
1EEE
9006
1D05
A986
16EC
3184
0FEE
16EC
080E
0020
1EEC
89A5
31AC
0C6D
558D
A992
16EC
3184
0FEE
16EC
080E
0020
1EEC
89A5
5C2D
A99C
16F4
3184
0FEE
16F4
080E
0020
1EF4
89A5
5C2D
A9A5
16F0
3184
0FEE
16F0
080E
0020
1EF0
9006
1D05
A9B0
16A4
3184
0FEE
16A4
080E
0020
1EA4
89CF
31AC
0C6D
558D
A9BC
16A4
3184
0FEE
16A4
080E
0020
1EA4
89CF
5C2D
A9C6
16D6
3184
0FEE
16D6
080E
0020
1ED6
89CF
5C2D
A9CF
16D2
3184
0FEE
16D2
080E
0020
1ED2
9006
1D05
A9DA
16A6
3184
0FEE
16A6
080E
0020
1EA6
89F9
31AC
0C6D
558D
A9E6
16A6
3184
0FEE
16A6
080E
0020
1EA6
89F9
5C2D
A9F0
16D8
3184
0FEE
16D8
080E
0020
1ED8
89F9
5C2D
A9F9
16D4
3184
0FEE
16D4
080E
0020
1ED4
9006
1D05
AA04
16A5
3184
0FEE
16A5
080E
0020
1EA5
8A23
31AC
0C6D
558D
AA10
16A5
3184
0FEE
16A5
080E
0020
1EA5
8A23
5C2D
AA1A
16D7
3184
0FEE
16D7
080E
0020
1ED7
8A23
5C2D
AA23
16D3
3184
0FEE
16D3
080E
0020
1ED3
9006
1D05
AA2E
16A7
3184
0FEE
16A7
080E
0020
1EA7
8A4D
31AC
0C6D
558D
AA3A
16A7
3184
0FEE
16A7
080E
0020
1EA7
8A4D
5C2D
AA44
16D9
3184
0FEE
16D9
080E
0020
1ED9
8A4D
5C2D
AA4D
16D5
3184
0FEE
16D5
080E
0020
1ED5
9006
080E
2000
1A31
AB7A
1B68
0800
0E38
540D
AA58
8B7A
1CEC
AA6D
0C2E
1C0F
AA5A
0C6E
1C0A
31AC
422D
AA63
8A65
5C4C
AA6A
080E
0800
1C0F
AA6A
8A6D
0C2E
1C19
AA6A
DB62
0363
0017
0800
0648
0801
0647
0802
0609
3C40
0807
0A7C
33FE
0C3F
893B
0807
0A80
0C04
8B7C
0363
001B
0800
0648
0801
0648
0802
060B
3C40
0807
0A8E
33FE
0C3F
893B
0807
0A92
0C04
8B7C
0363
0018
0800
0648
0801
0647
0802
060A
3C40
0807
0AA0
33FE
0C3F
893B
0807
0AA4
0C24
8B7C
0363
001C
0800
0648
0801
0648
0802
060C
3C40
0807
0AB2
33FE
0C3F
893B
0807
0AB6
0C24
8B7C
DB62
0363
0019
0800
0648
0801
0647
0802
06CE
3C40
0807
0AC5
33FE
0C3F
893B
0807
0AC9
0C04
8B7C
0363
001D
0800
0648
0801
0648
0802
06D0
3C40
0807
0AD7
33FE
0C3F
893B
0807
0ADB
0C04
8B7C
0363
001A
0800
0648
0801
0647
0802
06CF
3C40
0807
0AE9
33FE
0C3F
893B
0807
0AED
0C24
8B7C
0363
001E
0800
0648
0801
0648
0802
06D1
3C40
0807
0AFB
33FE
0C3F
893B
0807
0AFF
0C24
8B7C
080E
1000
1A31
AB04
8B77
1B68
31A4
0805
1E38
54A4
AB0B
8B77
0805
19A6
54A4
AB10
8B56
0805
1186
54A4
AB15
8B58
0805
1082
54A4
AB1A
8B5A
0805
10C3
54A4
AB1F
8B5C
0805
1041
54A4
AB24
8B5E
0805
1000
54A4
AB29
8B60
0805
1410
54A4
AB2E
8B66
0805
1C30
54A4
AB33
8B64
0805
138E
54A4
AB38
8B6B
0805
1BAE
54A4
AB3D
8B69
0805
179E
54A4
AB42
8B6D
0805
17DF
54A4
AB47
8B6F
0805
175D
54A4
AB4C
8B71
0805
171C
54A4
AB51
8B73
0805
1618
54A4
AB77
8B75
0368
1186
0368
1082
0368
10C3
0368
1041
0368
1000
0368
1410
0368
1C30
0368
1410
0368
1618
8B75
0368
138E
0368
179E
0368
17DF
0368
175D
0368
171C
0368
1618
0368
1E38
0368
0E38
D362
0C1F
81BC
AB80
308D
AB8A
8B83
308D
AB83
8B8A
3805
5065
31A4
432D
AB91
308D
8B8E
3805
5465
BB8E
8B91
3C02
35A1
8B92
384D
2B60
DB6E
9007
081C
0512
081B
0513
0803
036C
AB9D
8BB2
3B85
0C0D
582D
55A5
BBA4
0C1F
9007
308D
ABA8
0C1F
9007
3B85
0816
0BAC
8BD1
5E3C
080F
00FF
3F63
DB6D
8B9D
3B85
080D
004F
5C2D
54AD
BBBA
0C1F
9007
308D
ABBE
0C1F
9007
3B85
0816
0BC2
8BC8
5A3C
080F
00FF
3F63
DB6D
8BB2
30AD
41AD
43AD
5CED
ABCE
8BD0
5C24
31A4
9016
30AD
41AD
43AD
ABD6
8BD8
5C24
31A4
9016
0E0F
DA87
0C2F
D36F
080F
4000
DB64
DB62
1D05
ABE6
0C2F
DE1F
8BF6
31AC
0C6D
558D
ABED
0C2F
DE1F
8BF6
5C2D
ABF2
0C2F
DEC4
8BF6
5C2D
ABF6
0C2F
DE2A
0C6F
04B6
0003
1CB7
ABFC
8BF9
0C4F
D4B6
1CB7
ABFE
080F
4000
D364
D362
1D05
AC09
D61F
D61D
8C19
31AC
0C6D
558D
AC10
D61F
D61D
8C19
5C2D
AC15
D6C4
D6C2
8C19
5C2D
AC19
D62A
D628
0C6F
04B6
0003
1CB7
AC1F
8C1C
0C4F
D4B6
1CB7
AC21
0E0F
D287
080F
0030
D220
0C4F
D42B
33DF
9007
6C00
1C9C
AC32
0DEF
D6DA
8C35
080F
00F0
D6DA
080E
4000
1CA3
AD9D
1C68
AC48
080E
8000
1CA3
AC40
8C48
080E
1F00
1CA3
AC45
8C48
7408
5C2D
8C43
1E40
0807
0C4E
33FE
0C5F
8E07
1A9D
1A9D
31A2
5482
BC56
5443
BC56
8D9D
0CEE
1A39
0CEF
2A2A
080E
00F8
1A39
080F
00F8
2A2A
080E
3800
1A3A
080F
3800
2A2B
0C6E
1A3A
0C6F
2A2B
080E
0FFF
1A4D
080F
0FFF
2A43
080E
1FE0
1AB6
080F
00FF
2A2C
080F
7F00
022C
0040
022D
2040
023E
2040
023F
0040
080F
3FFF
0240
2040
0241
2040
1A4C
2A42
D244
D245
D246
D247
1C9C
AC91
0DEF
DEDA
8C94
080F
00F0
DEDA
080E
1F00
1A39
422D
080F
1F00
2A2A
080F
07FC
D22B
080F
4000
DA2B
080F
1000
DA43
0C2E
1A49
080F
4000
2A40
080F
8000
DA40
0C6F
04B6
0003
1CB7
ACB2
8CAF
0C4F
D4B6
1CB7
ACB4
080F
0100
DB6C
1E96
31A4
1D12
31A5
30A2
081C
0512
081B
0513
0803
036C
35BC
54A4
ACC8
8CD6
1D12
ACCF
0512
004F
0805
004F
8CD1
5E3C
5C25
080F
00FF
3F63
DB6D
8CC5
080F
0100
D36C
1D12
2C90
0807
0CE0
33FE
0C5F
8E27
6C00
1C68
ACF0
080E
8000
1CA3
ACE8
8CF0
080E
1F00
1CA3
ACED
8CF0
7408
5C2D
8CEB
1E40
0807
0CF6
33FE
0C5F
8E07
1A9D
1A9D
31A2
5482
BCFE
5443
BCFE
8D9D
1C9C
AD04
0DEF
06DA
0002
8D08
080F
00F0
06DA
0002
080E
1F00
1A39
31A1
422D
502D
080F
1F00
2A2A
080E
07FC
1A3A
31A1
422D
502D
31A1
0DE2
544D
BD1D
0DED
8D1E
302D
080F
07FC
2A2B
0C6F
04B6
0003
1CB7
AD27
8D24
0C4F
D4B6
1CB7
AD29
080F
0100
DB6C
1C21
31A1
422D
502D
31A4
0C6C
080E
0380
1A31
AD39
8D3E
422D
AD3D
402C
8D3E
404C
5584
BD41
3184
081C
0512
081B
0513
0803
036C
308D
AD4A
8D5F
0802
004F
1D12
544D
AD51
D512
8D52
5A3C
080F
00FF
3F63
DB6D
3B81
302D
41AD
43AD
5CED
AD5D
8D47
5C24
8D47
080F
0100
D36C
1D12
2C90
0807
0D69
33FE
0C5F
8E27
6C00
1C68
AD79
080E
8000
1CA3
AD71
8D79
080E
1F00
1CA3
AD76
8D79
7408
5C2D
8D74
1E40
0807
0D7F
33FE
0C5F
8E07
1A9D
1A9D
31A2
5482
BD87
5443
BD87
8D9D
080F
4000
D22B
080F
1000
D243
080F
4000
D240
080F
8000
D240
1C9C
AD99
0DEF
06DA
0003
8D9D
080F
00F0
06DA
0003
080F
4000
D22B
080F
1000
D243
080F
4000
D240
080F
8000
D240
0C5F
82FE
0300
00FF
DB01
D302
D303
D311
D312
D313
D314
D320
0304
4000
0305
2408
0315
0358
D31E
031F
4321
0310
0008
0355
0800
035D
0050
035E
01C7
0364
034F
0368
0E38
D369
D370
D371
D372
02F1
0040
02F2
4C04
02F3
0F00
02F4
6008
02F5
0808
02A6
D009
0365
01F8
036F
0004
0C2F
DB6F
1C71
ADEB
080E
0040
1F2E
ADEB
6C80
080E
01FF
1AF6
2E07
035E
0104
02F1
0020
02A6
D009
D36F
1C71
ADF9
6C80
080E
01FF
1AF6
2E01
0365
01A0
02F1
0040
02A6
D009
036F
0004
0C2F
DB6F
1C71
AE0E
080E
0040
1F2E
AE0E
6C80
080E
01FF
1AF6
2E07
035E
0186
02F1
0030
02A6
D009
D36F
1C71
AE1C
6C80
080E
01FF
1AF6
2E02
D364
D365
D355
D35D
D35E
036F
0004
036F
0005
D36F
0807
0E2B
33FE
0C5F
8E27
0C1F
33FE
8983
0C38
3805
336D
8E32
54AD
BE3A
5E20
080F
00FF
3C43
5A3A
8E2F
6670
BE3D
8E51
330D
AE40
8E4F
0C58
380D
AE44
8E4F
5E20
576D
BE49
3580
8E4F
080F
00FF
3C43
5A3A
700F
8E3A
0C3F
8773
330D
5C4D
AE55
8E56
0C18
5A20
55A1
2C99
BE5C
3580
8E4F
080F
00FF
3C43
5A3A
1C99
AE63
8E4F
330D
5C4D
AE67
8E4F
700F
8E3A
1C9C
AE6F
0C8F
DF08
DF09
DF0A
0C2F
D708
D709
D70A
0C6F
04B6
0003
1CB7
AE79
8E76
0C4F
D4B6
1CB7
AE7B
080F
4000
D22B
080F
1000
D243
080F
4000
D240
080F
8000
D240
080E
0100
1E44
0C2F
2F08
080E
0200
1E44
0C2F
2F09
080E
0400
1E44
0C2F
2F0A
1C9C
AEA9
080E
1000
1E44
0C8F
2F08
080E
2000
1E44
0C8F
2F09
080E
4000
1E44
0C8F
2F0A
318D
AEAD
0C5F
8820
0C5F
8DA8
D001
0000
0000
0000
0000
0000
0000
0000
0000
0000
0000
0000
0000
0000
0000
0000
0000
0000
0000
0000
0000
0000
0000
0000
0000
0000
0000
0000
0000
0000
0000
0000
0000
0000
0000
0000
0000
0000
0000
0000
0000
0000
0000
0000
0000
0000
0000
0000
0000
0000
0000
0000
0000
0000
0000
0000
0000
0000
0000
0000
0000
0000
0000
0000
0000
0000
0000
0000
0000
0000
0000
0000
0000
0000
0000
0000
0000
0000
0000
0000
0000
0000
0000
0000
0000
0000
0000
0000
0000
0000
0000
0000
0000
0000
0000
0000
0000
0000
0000
0000
0000
0000
0000
0000
0000
0000
0000
0000
0000
0000
0000
0000
0000
0000
0000
0000
0000
0000
0000
0000
0000
0000
0000
0000
0000
0000
0000
0000
0000
0000
0000
0000
0000
0000
0000
0000
0000
0000
0000
0000
0000
0000
0000
0000
0000
0000
0000
0000
0000
0000
0000
0000
0000
0000
0000
0000
0000
0000
0000
0000
0000
0000
0000
0000
0000
0000
0000
0000
0000
0000
0000
0000
0000
0000
0000
0000
0000
0000
0000
0000
0000
0000
0000
0000
0000
0000
0000
0000
0000
0000
0000
0000
0000
0000
0000
0000
0000
0000
0000
0000
0000
0000
0000
0000
0000
0000
0000
0000
0000
0000
0000
0000
0000
0000
0000
0000
0000
0000
0000
0000
0000
0000
0000
0000
0000
0000
0000
0000
0000
0000
0000
0000
0000
0000
0000
0000
0000
0000
0000
0000
0000
0000
0000
0000
0000
0000
0000
0000
0000
0000
0000
0000
0000
0000
0000
0000
0000
0000
0000
0000
0000
0000
0000
0000
0000
0000
0000
0000
0000
0000
0000
0000
0000
0000
0000
0000
0000
0000
0000
0000
0000
0000
0000
0000
0000
0000
0000
0000
0000
0000
0000
0000
0000
0000
0000
0000
0000
0000
0000
0000
0000
0000
0000
0000
0000
0000
0000
0000
0000
0000
0000
0000
0000
0000
0000
0000
0000
0000
0000
0000
0000
0000
0000
0000
0000
0000
0000
0000
0000
0000
0000
0000
0000
0000
0000
0000
0000
0000
0000
0000
0000
0000
0000
0000
0000
0000
0000
0000
0000
0000
0000
0000
0000
0000
0000
0000
0000
0000
0000
0000
0000
0000
0000
0000
0000
0000
0000
0000
0000
0000
0000
0000
0000
0000
0000
0000
0000
0000
0000
0000
0000
0000
0000
0000
0000
0000
0000
0000
0000
0000
0000
0000
0000
0000
0000
0000
0000
0000
0000
0000
0000
0000
0000
0000
0000
0000
0000
0000
0000
0000
0000
0000
0000
0000
0000
0000
0000
0000
0000
0000
0000
0000
0000
0000
0000
0000
0000
0000
0000
0000
0000
0000
0000
0000
0000
0000
0000
0000
0000
0000
0000
0000
0000
0000
0000
0000
0000
0000
0000
0000
0000
0000
0000
0000
0000
0000
0000
0000
0000
0000
0000
0000
0000
0000
0000
0000
0000
0000
0000
0000
0000
0000
0000
0000
0000
0000
0000
0000
0000
0000
0000
0000
0000
0000
0000
0000
0000
0000
0000
0000
0000
0000
0000
0000
0000
0000
0000
0000
0000
0000
0000
0000
0000
0000
0000
0000
0000
0000
0000
0000
0000
0000
0000
0000
0000
0000
0000
0000
0000
0000
0000
0000
0000
0000
0000
0000
0000
0000
0000
0000
0000
0000
0000
0000
0000
0000
0000
0000
0000
0000
0000
0000
0000
0000
0000
0000
0000
0000
0000
0000
0000
0000
0000
0000
0000
0000
0000
0000
0000
0000
0000
0000
0000
0000
0000
0000
0000
0000
0000
0000
0000
0000
0000
0000
0000
0000
0000
0000
0000
0000
0000
0000
0000
0000
0000
0000
0000
0000
0000
0000
0000
0000
0000
0000
0000
0000
0000
0000
0000
0000
0000
0000
0000
0000
0000
0000
0000
0000
0000
0000
0000
0000
0000
0000
0000
0000
0000
0000
0000
0000
0000
0000
0000
0000
0000
0000
0000
0000
0000
0000
0000
0000
0000
0000
0000
0000
0000
0000
0000
0000
0000
0000
0000
0000
0000
0000
0000
0000
0000
0000
0000
0000
0000
0000
0000
0000
0000
0000
0000
0000
0000
0000
0000
0000
0000
0000
0000
0000
0000
0000
0000
0000
0000
0000
0000
0000
0000
0000
0000
0000
0000
0000
0000
0000
0000
0000
0000
0000
0000
0000
0000
0000
0000
0000
0000
0000
0000
0000
0000
0000
0000
0000
0000
0000
0000
0000
0000
0000
0000
0000
0000
0000
0000
0000
0000
0000
0000
0000
0000
0000
0000
0000
0000
0000
0000
0000
0000
0000
0000
0000
0000
0000
0000
0000
0000
0000
0000
0000
0000
0000
0000
0000
0000
0000
0000
0000
0000
0000
0000
0000
0000
0000
0000
0000
0000
0000
0000
0000
0000
0000
0000
0000
0000
0000
0000
0000
0000
0000
0000
0000
0000
0000
0000
0000
0000
0000
0000
0000
0000
0000
0000
0000
0000
0000
0000
0000
0000
0000
0000
0000
0000
0000
0000
0000
0000
0000
0000
0000
0000
0000
0000
0000
0000
0000
0000
0000
0000
0000
0000
0000
0000
0000
0000
0000
0000
0000
0000
0000
0000
0000
0000
0000
0000
0000
0000
0000
0000
0000
0000
0000
0000
0000
0000
0000
0000
0000
0000
0000
0000
0000
0000
0000
0000
0000
0000
0000
0000
0000
0000
0000
0000
0000
0000
0000
0000
0000
0000
0000
0000
0000
0000
0000
0000
0000
0000
0000
0000
0000
0000
0000
0000
0000
0000
0000
0000
0000
0000
0000
0000
0000
0000
0000
0000
0000
0000
0000
0000
0000
0000
0000
0000
0000
0000
0000
0000
0000
0000
0000
0000
0000
0000
0000
0000
0000
0000
0000
0000
0000
0000
0000
0000
0000
0000
0000
0000
0000
0000
0000
0000
0000
0000
0000
0000
0000
0000
0000
0000
0000
0000
0000
0000
0000
0000
0000
0000
0000
0000
0000
0000
0000
0000
0000
0000
0000
0000
0000
0000
0000
0000
0000
0000
0000
0000
0000
0000
0000
0000
0000
0000
0000
0000
0000
0000
0000
0000
0000
0000
0000
0000
0000
0000
0000
0000
0000
0000
0000
0000
0000
0000
0000
0000
0000
0000
0000
0000
0000
0000
0000
0000
0000
0000
0000
0000
0000
0000
0000
0000
0000
0000
0000
0000
0000
0000
0000
0000
0000
0000
0000
0000
0000
0000
0000
0000
0000
0000
0000
0000
0000
0000
0000
0000
0000
0000
0000
0000
0000
0000
0000
0000
0000
0000
0000
0000
0000
0000
0000
0000
0000
0000
0000
0000
0000
0000
0000
0000
0000
0000
0000
0000
0000
0000
0000
0000
0000
0000
0000
0000
0000
0000
0000
0000
0000
0000
0000
0000
0000
0000
0000
0000
0000
0000
0000
0000
0000
0000
0000
0000
0000
0000
0000
0000
0000
0000
0000
0000
0000
0000
0000
0000
0000
0000
0000
0000
0000
0000
0000
0000
0000
0000
0000
0000
0000
0000
0000
0000
0000
0000
0000
0000
0000
0000
0000
0000
0000
0000
0000
0000
0000
0000
0000
0000
0000
0000
0000
0000
0000
0000
0000
0000
0000
0000
0000
0000
0000
0000
0000
0000
0000
0000
0000
0000
0000
0000
0000
0000
0000
0000
0000
0000
0000
0000
0000
0000
0000
0000
0000
0000
0000
0000
0000
0000
0000
0000
0000
0000
0000
0000
0000
0000
0000
0000
0000
0000
0000
0000
0000
0000
0000
0000
0000
0000
0000
0000
0000
0000
0000
0000
0000
0000
0000
0000
0000
0000
0000
0000
0000
0000
0000
0000
0000
0000
0000
0000
0000
0000
0000
0000
0000
0000
0000
0000
0000
0000
0000
0000
0000
0000
0000
0000
0000
0000
0000
0000
0000
0000
0000
0000
0000
0000
0000
0000
0000
0000
0000
0000
0000
0000
0000
0000
0000
0000
0000
0000
0000
0000
0000
0000
0000
0000
0000
0000
0000
0000
0000
0000
0000
0000
0000
0000
0000
0000
0000
0000
0000
0000
0000
0000
0000
0000
0000
0000
0000
0000
0000
0000
0000
0000
0000
0000
0000
0000
0000
0000
0000
0000
0000
0000
0000
0000
0000
0000
0000
0000
0000
0000
0000
0000
0000
0000
0000
0000
0000
0000
0000
0000
0000
0000
0000
0000
0000
0000
0000
0000
0000
0000
0000
0000
0000
0000
0000
0000
0000
0000
0000
0000
0000
0000
0000
0000
0000
0000
0000
0000
0000
0000
0000
0000
0000
0000
0000
0000
0000
0000
0000
0000
0000
0000
0000
0000
0000
0000
0000
0000
0000
0000
0000
0000
0000
0000
0000
0000
0000
0000
0000
0000
0000
0000
0000
0000
0000
0000
0000
0000
0000
0000
0000
0000
0000
0000
0000
0000
0000
0000
0000
0000
0000
0000
0000
0000
0000
0000
0000
0000
0000
0000
0000
0000
0000
0000
0000
0000
0000
0000
0000
0000
0000
0000
0000
0000
0000
0000
0000
0000
0000
0000
0000
0000
0000
0000
0000
0000
0000
0000
0000
0000
0000
0000
0000
0000
0000
0000
0000
0000
0000
0000
0000
0000
0000
0000
0000
0000
0000
0000
0000
0000
0000
0000
0000
0000
0000
0000
0000
0000
0000
0000
0000
0000
0000
0000
0000
0000
0000
0000
0000
0000
0000
0000
0000
0000
0000
0000
0000
0000
0000
0000
0000
0000
0000
0000
0000
0000
0000
0000
0000
0000
0000
0000
0000
0000
0000
0000
0000
0000
0000
0000
0000
0000
0000
0000
0000
0000
0000
0000
0000
0000
0000
0000
0000
0000
0000
0000
0000
0000
0000
0000
0000
0000
0000
0000
0000
0000
0000
0000
0000
0000
0000
0000
0000
0000
0000
0000
0000
0000
0000
0000
0000
0000
0000
0000
0000
0000
0000
0000
0000
0000
0000
0000
0000
0000
0000
0000
0000
0000
0000
0000
0000
0000
0000
0000
0000
0000
0000
0000
0000
0000
0000
0000
0000
0000
0000
0000
0000
0000
0000
0000
0000
0000
0000
0000
0000
0000
0000
0000
0000
0000
0000
0000
0000
0000
0000
0000
0000
0000
0000
0000
0000
0000
0000
0000
0000
0000
0000
0000
0000
0000
0000
0000
0000
0000
0000
0000
0000
0000
0000
0000
0000
0000
0000
0000
0000
0000
0000
0000
0000
0000
0000
0000
0000
0000
0000
0000
0000
0000
0000
0000
0000
0000
0000
0000
0000
0000
0000
0000
0000
0000
0000
0000
0000
0000
0000
0000
0000
0000
0000
0000
0000
0000
0000
0000
0000
0000
0000
0000
0000
0000
0000
0000
0000
0000
0000
0000
0000
0000
0000
0000
0000
0000
0000
0000
0000
0000
0000
0000
0000
0000
0000
0000
0000
0000
0000
0000
0000
0000
0000
0000
0000
0000
0000
0000
0000
0000
0000
0000
0000
0000
0000
0000
0000
0000
0000
0000
0000
0000
0000
0000
0000
0000
0000
0000
0000
0000
0000
0000
0000
0000
0000
0000
0000
0000
0000
0000
0000
0000
0000
0000
0000
0000
0000
0000
0000
0000
0000
0000
0000
0000
0000
0000
0000
0000
0000
0000
0000
0000
0000
0000
0000
0000
0000
0000
0000
0000
0000
0000
0000
0000
0000
0000
0000
0000
0000
0000
0000
0000
0000
0000
0000
0000
0000
0000
0000
0000
0000
0000
0000
0000
0000
0000
0000
0000
0000
0000
0000
0000
0000
0000
0000
0000
0000
0000
0000
0000
0000
0000
0000
0000
0000
0000
0000
0000
0000
0000
0000
0000
0000
0000
0000
0000
0000
0000
0000
0000
0000
0000
0000
0000
0000
0000
0000
0000
0000
0000
0000
0000
0000
0000
0000
0000
0000
0000
0000
0000
0000
0000
0000
0000
0000
0000
0000
0000
0000
0000
0000
0000
0000
0000
0000
0000
0000
0000
0000
0000
0000
0000
0000
0000
0000
0000
0000
0000
0000
0000
0000
0000
0000
0000
0000
0000
0000
0000
0000
0000
0000
0000
0000
0000
0000
0000
0000
0000
0000
0000
0000
0000
0000
0000
0000
0000
0000
0000
0000
0000
0000
0000
0000
0000
0000
0000
0000
0000
0000
0000
0000
0000
0000
0000
0000
0000
0000
0000
0000
0000
0000
0000
0000
0000
0000
0000
0000
0000
0000
0000
0000
0000
0000
0000
0000
0000
0000
0000
0000
0000
0000
0000
0000
0000
0000
0000
0000
0000
0000
0000
0000
0000
0000
0000
0000
0000
0000
0000
0000
0000
0000
0000
0000
0000
0000
0000
0000
0000
0000
0000
0000
0000
0000
0000
0000
0000
0000
0000
0000
0000
0000
0000
0000
0000
0000
0000
0000
0000
0000
0000
0000
0000
0000
0000
0000
0000
0000
0000
0000
0000
0000
0000
0000
0000
0000
0000
0000
0000
0000
0000
0000
0000
0000
0000
0000
0000
0000
0000
0000
0000
0000
0000
0000
0000
0000
0000
0000
0000
0000
0000
0000
0000
0000
0000
0000
0000
0000
0000
0000
0000
0000
0000
0000
0000
0000
0000
0000
0000
0000
0000
0000
0000
0000
0000
0000
0000
0000
0000
0000
0000
0000
0000
0000
0000
0000
0000
0000
0000
0000
0000
0000
0000
0000
0000
0000
0000
0000
0000
0000
0000
0000
0000
0000
0000
0000
0000
0000
0000
0000
0000
0000
0000
0000
0000
0000
0000
0000
0000
0000
0000
0000
0000
0000
0000
0000
0000
0000
0000
0000
0000
0000
0000
0000
0000
0000
0000
0000
0000
0000
0000
0000
0000
0000
0000
0000
0000
0000
0000
0000
0000
0000
0000
0000
0000
0000
0000
0000
0000
0000
0000
0000
0000
0000
0000
0000
0000
0000
0000
0000
0000
0000
0000
0000
0000
0000
0000
0000
0000
0000
0000
0000
0000
0000
0000
0000
0000
0000
0000
0000
0000
0000
0000
0000
0000
0000
0000
0000
0000
0000
0000
0000
0000
0000
0000
0000
0000
0000
0000
0000
0000
0000
0000
0000
0000
0000
0000
0000
0000
0000
0000
0000
0000
0000
0000
0000
0000
0000
0000
0000
0000
0000
0000
0000
0000
0000
0000
0000
0000
0000
0000
0000
0000
0000
0000
0000
0000
0000
0000
0000
0000
0000
0000
0000
0000
0000
0000
0000
0000
0000
0000
0000
0000
0000
0000
0000
0000
0000
0000
0000
0000
0000
0000
0000
0000
0000
0000
0000
0000
0000
0000
0000
0000
0000
0000
0000
0000
0000
0000
0000
0000
0000
0000
0000
0000
0000
0000
0000
0000
0000
0000
0000
0000
0000
0000
0000
0000
0000
0000
0000
0000
0000
0000
0000
0000
0000
0000
0000
0000
0000
0000
0000
0000
0000
0000
0000
0000
0000
0000
0000
0000
0000
0000
0000
0000
0000
0000
0000
0000
0000
0000
0000
0000
0000
0000
0000
0000
0000
0000
0000
0000
0000
0000
0000
0000
0000
0000
0000
0000
0000
0000
0000
0000
0000
0000
0000
0000
0000
0000
0000
0000
0000
0000
0000
0000
0000
0000
0000
0000
0000
0000
0000
0000
0000
0000
0000
0000
0000
0000
0000
0000
0000
0000
0000
0000
0000
0000
0000
0000
0000
0000
0000
0000
0000
0000
0000
0000
0000
0000
0000
0000
0000
0000
0000
0000
0000
0000
0000
0000
0000
0000
0000
0000
0000
0000
0000
0000
0000
0000
0000
0000
0000
0000
0000
0000
0000
0000
0000
0000
0000
0000
0000
0000
0000
0000
0000
0000
0000
0000
0000
0000
0000
0000
0000
0000
0000
0000
0000
0000
0000
0000
0000
0000
0000
0000
0000
0000
0000
0000
0000
0000
0000
0000
0000
0000
0000
0000
0000
0000
0000
0000
0000
0000
0000
0000
0000
0000
0000
0000
0000
0000
0000
0000
0000
0000
0000
0000
0000
0000
0000
0000
0000
0000
0000
0000
0000
0000
0000
0000
0000
0000
0000
0000
0000
0000
0000
0000
0000
0000
0000
0000
0000
0000
0000
0000
0000
0000
0000
0000
0000
0000
0000
0000
0000
0000
0000
0000
0000
0000
0000
0000
0000
0000
0000
0000
0000
0000
0000
0000
0000
0000
0000
0000
0000
0000
0000
0000
0000
0000
0000
0000
0000
0000
0000
0000
0000
0000
0000
0000
0000
0000
0000
0000
0000
0000
0000
0000
0000
0000
0000
0000
0000
0000
0000
0000
0000
0000
0000
0000
0000
0000
0000
0000
0000
0000
0000
0000
0000
0000
0000
0000
0000
0000
0000
0000
0000
0000
0000
0000
0000
0000
0000
0000
0000
0000
0000
0000
0000
0000
0000
0000
0000
0000
0000
0000
0000
0000
0000
0000
0000
0000
0000
0000
0000
0000
0000
0000
0000
0000
0000
0000
0000
0000
0000
0000
0000
0000
0000
0000
0000
0000
0000
0000
0000
0000
0000
0000
0000
0000
0000
0000
0000
0000
0000
0000
0000
0000
0000
0000
0000
0000
0000
0000
0000
0000
0000
0000
0000
0000
0000
0000
0000
0000
0000
0000
0000
0000
0000
0000
0000
0000
0000
0000
0000
0000
0000
0000
0000
0000
0000
0000
0000
0000
0000
0000
0000
0000
0000
0000
0000
0000
0000
0000
0000
0000
0000
0000
0000
0000
0000
0000
0000
0000
0000
0000
0000
0000
0000
0000
0000
0000
0000
0000
0000
0000
0000
0000
0000
0000
0000
0000
0000
0000
0000
0000
0000
0000
0000
0000
0000
0000
0000
0000
0000
0000
0000
0000
0000
0000
0000
0000
0000
0000
0000
0000
0000
0000
0000
0000
0000
0000
0000
0000
0000
0000
0000
0000
0000
0000
0000
0000
0000
0000
0000
0000
0000
0000
0000
0000
0000
0000
0000
0000
0000
0000
0000
0000
0000
0000
0000
0000
0000
0000
0000
0000
0000
0000
0000
0000
0000
0000
0000
0000
0000
0000
0000
0000
0000
0000
0000
0000
0000
0000
0000
0000
0000
0000
0000
0000
0000
0000
0000
0000
0000
0000
0000
0000
0000
0000
0000
0000
0000
0000
0000
0000
0000
0000
0000
0000
0000
0000
0000
0000
0000
0000
0000
0000
0000
0000
0000
0000
0000
0000
0000
0000
0000
0000
0000
0000
0000
0000
0000
0000
0000
0000
0000
0000
0000
0000
0000
0000
0000
0000
0000
0000
0000
0000
0000
0000
0000
0000
0000
0000
0000
0000
0000
0000
0000
0000
0000
0000
0000
0000
0000
0000
0000
0000
0000
0000
0000
0000
0000
0000
0000
0000
0000
0000
0000
0000
0000
0000
0000
0000
0000
0000
0000
0000
0000
0000
0000
0000
0000
0000
0000
0000
0000
0000
0000
0000
0000
0000
0000
0000
0000
0000
0000
0000
0000
0000
0000
0000
0000
0000
0000
0000
0000
0000
0000
0000
0000
0000
0000
0000
0000
0000
0000
0000
0000
0000
0000
0000
0000
0000
0000
0000
0000
0000
0000
0000
0000
0000
0000
0000
0000
0000
0000
0000
0000
0000
0000
0000
0000
0000
0000
0000
0000
0000
0000
0000
0000
0000
0000
0000
0000
0000
0000
0000
0000
0000
0000
0000
0000
0000
0000
0000
0000
0000
0000
0000
0000
0000
0000
0000
0000
0000
0000
0000
0000
0000
0000
0000
0000
0000
0000
0000
0000
0000
0000
0000
0000
0000
0000
0000
0000
0000
0000
0000
0000
0000
0000
0000
0000
0000
0000
0000
0000
0000
0000
0000
0000
0000
0000
0000
0000
0000
0000
0000
0000
0000
0000
0000
0000
0000
0000
0000
0000
0000
0000
0000
0000
0000
0000
0000
0000
0000
0000
0000
0000
0000
0000
0000
0000
0000
0000
0000
0000
0000
0000
0000
0000
0000
0000
0000
0000
0000
0000
0000
0000
0000
0000
0000
0000
0000
0000
0000
0000
0000
0000
0000
0000
0000
0000
0000
0000
0000
0000
0000
0000
0000
0000
0000
0000
0000
0000
0000
0000
0000
0000
0000
0000
0000
0000
0000
0000
0000
0000
0000
0000
0000
0000
0000
0000
0000
0000
0000
0000
0000
0000
0000
0000
0000
0000
0000
0000
0000
0000
0000
0000
0000
0000
0000
0000
0000
0000
0000
0000
0000
0000
0000
0000
0000
0000
0000
0000
0000
0000
0000
0000
0000
0000
0000
0000
0000
0000
0000
0000
0000
0000
0000
0000
0000
0000
0000
0000
0000
0000
0000
0000
0000
0000
0000
0000
0000
0000
0000
0000
0000
0000
0000
0000
0000
0000
0000
0000
0000
0000
0000
0000
0000
0000
0000
0000
0000
0000
0000
0000
0000
0000
0000
0000
0000
0000
0000
0000
0000
0000
0000
0000
0000
0000
0000
0000
0000
0000
0000
0000
0000
0000
0000
0000
0000
0000
0000
0000
0000
0000
0000
0000
0000
0000
0000
0000
0000
0000
0000
0000
0000
0000
0000
0000
0000
0000
0000
0000
0000
0000
0000
0000
0000
0000
0000
0000
0000
0000
0000
0000
0000
0000
0000
0000
0000
0000
0000
0000
0000
0000
0000
0000
0000
0000
0000
0000
0000
0000
0000
0000
0000
0000
0000
0000
0000
0000
0000
0000
0000
0000
0000
0000
0000
0000
0000
0000
0000
0000
0000
0000
0000
0000
0000
0000
0000
0000
0000
0000
0000
0000
0000
0000
0000
0000
0000
0000
0000
0000
0000
0000
0000
0000
0000
0000
0000
0000
0000
0000
0000
0000
0000
0000
0000
0000
0000
0000
0000
0000
0000
0000
0000
0000
0000
0000
0000
0000
0000
0000
0000
0000
0000
0000
0000
0000
0000
0000
0000
0000
0000
0000
0000
0000
0000
0000
0000
0000
0000
0000
0000
0000
0000
0000
0000
0000
0000
0000
0000
0000
0000
0000
0000
0000
0000
0000
0000
0000
0000
0000
0000
0000
0000
0000
0000
0000
0000
0000
0000
0000
0000
0000
0000
0000
0000
0000
0000
0000
0000
0000
0000
0000
0000
0000
0000
0000
0000
0000
0000
0000
0000
0000
0000
0000
0000
0000
0000
0000
0000
0000
0000
0000
0000
0000
0000
0000
0000
0000
0000
0000
0000
0000
0000
0000
0000
0000
0000
0000
0000
0000
0000
0000
0000
0000
0000
0000
0000
0000
0000
0000
0000
0000
0000
0000
0000
0000
0000
0000
0000
0000
0000
0000
0000
0000
0000
0000
0000
0000
0000
0000
0000
0000
0000
0000
0000
0000
0000
0000
0000
0000
0000
0000
0000
0000
0000
0000
0000
0000
0000
0000
0000
0000
0000
0000
0000
0000
0000
0000
0000
0000
0000
0000
0000
0000
0000
0000
0000
0000
0000
0000
0000
0000
0000
0000
0000
0000
0000
0000
0000
0000
0000
0000
0000
0000
0000
0000
0000
0000
0000
0000
0000
0000
0000
0000
0000
0000
0000
0000
0000
0000
0000
0000
0000
0000
0000
0000
0000
0000
0000
0000
0000
0000
0000
0000
0000
0000
0000
0000
0000
0000
0000
0000
0000
0000
0000
0000
0000
0000
0000
0000
0000
0000
0000
0000
0000
0000
0000
0000
0000
0000
0000
0000
0000
0000
0000
0000
0000
0000
0000
0000
0000
0000
0000
0000
0000
0000
0000
0000
0000
0000
0000
0000
0000
0000
0000
0000
0000
0000
0000
0000
0000
0000
0000
0000
0000
0000
0000
0000
0000
0000
0000
0000
0000
0000
0000
0000
0000
0000
0000
0000
0000
0000
0000
0000
0000
0000
0000
0000
0000
0000
0000
0000
0000
0000
0000
0000
0000
0000
0000
0000
0000
0000
0000
0000
0000
0000
0000
0000
0000
0000
0000
0000
0000
0000
0000
0000
0000
0000
0000
0000
0000
0000
0000
0000
0000
0000
0000
0000
0000
0000
0000
0000
0000
0000
0000
0000
0000
0000
0000
0000
0000
0000
0000
0000
0000
0000
0000
0000
0000
0000
0000
0000
0000
0000
0000
0000
0000
0000
0000
0000
0000
0000
0000
0000
0000
0000
0000
0000
0000
0000
0000
0000
0000
0000
0000
0000
0000
0000
0000
0000
0000
0000
0000
0000
0000
0000
0000
0000
0000
0000
0000
0000
0000
0000
0000
0000
0000
0000
0000
0000
0000
0000
0000
0000
0000
0000
0000
0000
0000
0000
0000
0000
0000
0000
0000
0000
0000
0000
0000
0000
0000
0000
0000
0000
0000
0000
0000
0000
0000
0000
0000
0000
0000
0000
0000
0000
0000
0000
0000
0000
0000
0000
0000
0000
0000
0000
0000
0000
0000
0000
0000
0000
0000
0000
0000
0000
0000
0000
0000
0000
0000
0000
0000
0000
0000
0000
0000
0000
0000
0000
0000
0000
0000
0000
0000
0000
0000
0000
0000
0000
0000
0000
0000
0000
0000
0000
0000
0000
0000
0000
0000
0000
0000
0000
0000
0000
0000
0000
0000
0000
0000
0000
0000
0000
0000
0000
0000
0000
0000
0000
0000
0000
0000
0000
0000
0000
0000
0000
0000
0000
0000
0000
0000
0000
0000
0000
0000
0000
0000
0000
0000
0000
0000
0000
0000
0000
0000
0000
0000
0000
0000
0000
0000
0000
0000
0000
0000
0000
0000
0000
0000
0000
0000
0000
0000
0000
0000
0000
0000
0000
0000
0000
0000
0000
0000
0000
0000
0000
0000
0000
0000
0000
0000
0000
0000
0000
0000
0000
0000
0000
0000
0000
0000
0000
0000
0000
0000
0000
0000
0000
0000
0000
0000
0000
0000
0000
0000
0000
0000
0000
0000
0000
0000
0000
0000
0000
0000
0000
0000
0000
0000
0000
0000
0000
0000
0000
0000
0000
0000
0000
0000
0000
0000
0000
0000
0000
0000
0000
0000
0000
0000
0000
0000
0000
0000
0000
0000
0000
0000
0000
0000
0000
0000
0000
0000
0000
0000
0000
0000
0000
0000
0000
0000
0000
0000
0000
0000
0000
0000
0000
0000
0000
0000
0000
0000
0000
0000
0000
0000
0000
0000
0000
0000
0000
0000
0000
0000
0000
0000
0000
0000
0000
0000
0000
0000
0000
0000
0000
0000
0000
0000
0000
0000
0000
0000
0000
0000
0000
0000
0000
0000
0000
0000
0000
0000
0000
0000
0000
0000
0000
0000
0000
0000
0000
0000
0000
0000
0000
0000
0000
0000
0000
0000
0000
0000
0000
0000
0000
0000
0000
0000
0000
0000
0000
0000
0000
0000
0000
0000
0000
0000
0000
0000
0000
0000
0000
0000
0000
0000
0000
0000
0000
0000
0000
0000
0000
0000
0000
0000
0000
0000
0000
0000
0000
0000
0000
0000
0000
0000
0000
0000
0000
0000
0000
0000
0000
0000
0000
0000
0000
0000
0000
0000
0000
0000
0000
0000
0000
0000
0000
0000
0000
0000
0000
0000
0000
0000
0000
0000
0000
0000
0000
0000
0000
0000
0000
0000
0000
0000
0000
0000
0000
0000
0000
0000
0000
0000
0000
0000
0000
0000
0000
0000
0000
0000
0000
0000
0000
0000
0000
0000
0000
0000
0000
0000
0000
0000
0000
0000
0000
0000
0000
0000
0000
0000
0000
0000
0000
0000
0000
0000
0000
0000
0000
0000
0000
0000
0000
0000
0000
0000
0000
0000
0000
0000
0000
0000
0000
0000
0000
0000
0000
0000
0000
0000
0000
0000
0000
0000
0000
0000
0000
0000
0000
0000
0000
0000
0000
0000
0000
0000
0000
0000
0000
0000
0000
0000
0000
0000
0000
0000
0000
0000
0000
0000
0000
0000
0000
0000
0000
0000
0000
0000
0000
0000
0000
0000
0000
0000
0000
0000
0000
0000
0000
0000
0000
0000
0000
0000
0000
0000
0000
0000
0000
0000
0000
0000
0000
0000
0000
0000
0000
0000
0000
0000
0000
0000
0000
0000
0000
0000
0000
0000
0000
0000
0000
0000
0000
0000
0000
0000
0000
0000
0000
0000
0000
0000
0000
0000
0000
0000
0000
0000
0000
0000
0000
0000
0000
0000
0000
0000
0000
0000
0000
0000
0000
0000
0000
0000
0000
0000
0000
0000
0000
0000
0000
0000
0000
0000
0000
0000
0000
0000
0000
0000
0000
0000
0000
0000
0000
0000
0000
0000
0000
0000
0000
0000
0000
0000
0000
0000
0000
0000
0000
0000
0000
0000
0000
0000
0000
0000
0000
0000
0000
0000
0000
0000
0000
0000
0000
0000
0000
0000
0000
0000
0000
0000
0000
0000
0000
0000
0000
0000
0000
0000
0000
0000
0000
0000
0000
0000
0000
0000
0000
0000
0000
0000
0000
0000
0000
0000
0000
0000
0000
0000
0000
0000
0000
0000
0000
0000
0000
0000
0000
0000
0000
0000
0000
0000
0000
0000
0000
0000
0000
0000
0000
0000
0000
0000
0000
0000
0000
0000
0000
0000
0000
0000
0000
0000
0000
0000
0000
0000
0000
0000
0000
0000
0000
0000
0000
0000
0000
0000
0000
0000
0000
0000
0000
0000
0000
0000
0000
0000
0000
0000
0000
0000
0000
0000
0000
0000
0000
0000
0000
0000
0000
0000
0000
0000
0000
0000
0000
0000
0000
0000
0000
0000
0000
0000
0000
0000
0000
0000
0000
0000
0000
0000
0000
0000
0000
0000
0000
0000
0000
0000
0000
0000
0000
0000
0000
0000
0000
0000
0000
0000
0000
0000
0000
0000
0000
0000
0000
0000
0000
0000
0000
0000
0000
0000
0000
0000
0000
0000
0000
0000
0000
0000
0000
0000
0000
0000
0000
0000
0000
0000
0000
0000
0000
0000
0000
0000
0000
0000
0000
0000
0000
0000
0000
0000
0000
0000
0000
0000
0000
0000
0000
0000
0000
0000
0000
0000
0000
0000
0000
0000
0000
0000
0000
0000
0000
0000
0000
0000
0000
0000
0000
0000
0000
0000
0000
0000
0000
0000
0000
0000
0000
0000
0000
0000
0000
0000
0000
0000
0000
0000
0000
0000
0000
0000
0000
0000
0000
0000
0000
0000
0000
0000
0000
0000
0000
0000
0000
0000
0000
0000
0000
0000
0000
0000
0000
0000
0000
0000
0000
0000
0000
0000
0000
0000
0000
0000
0000
0000
0000
0000
0000
0000
0000
0000
0000
0000
0000
0000
0000
0000
0000
0000
0000
0000
0000
0000
0000
0000
0000
0000
0000
0000
0000
0000
0000
0000
0000
0000
0000
0000
0000
0000
0000
0000
0000
0000
0000
0000
0000
0000
0000
0000
0000
0000
0000
0000
0000
0000
0000
0000
0000
0000
0000
0000
0000
0000
0000
0000
0000
0000
0000
0000
0000
0000
0000
0000
0000
0000
0000
0000
0000
0000
0000
0000
0000
0000
0000
0000
0000
0000
0000
0000
0000
0000
0000
0000
0000
0000
0000
0000
0000
0000
0000
0000
0000
0000
0000
0000
0000
0000
0000
0000
0000
0000
0000
0000
0000
0000
0000
0000
0000
0000
0000
0000
0000
0000
0000
0000
0000
0000
0000
0000
0000
0000
0000
0000
0000
0000
0000
0000
0000
0000
0000
0000
0000
0000
0000
0000
0000
0000
0000
0000
0000
0000
0000
0000
0000
0000
0000
0000
0000
0000
0000
0000
0000
0000
0000
0000
0000
0000
0000
0000
0000
0000
0000
0000
0000
0000
0000
0000
0000
0000
0000
0000
0000
0000
0000
0000
0000
0000
0000
0000
0000
0000
0000
0000
0000
0000
0000
0000
0000
0000
0000
0000
0000
0000
0000
0000
0000
0000
0000
0000
0000
0000
0000
0000
0000
0000
0000
0000
0000
0000
0000
0000
0000
0000
0000
0000
0000
0000
0000
0000
0000
0000
0000
0000
0000
0000
0000
0000
0000
0000
0000
0000
0000
0000
0000
0000
0000
0000
0000
0000
0000
0000
0000
0000
0000
0000
0000
0000
0000
0000
0000
0000
0000
0000
0000
0000
0000
0000
0000
0000
0000
0000
0000
0000
0000
0000
0000
0000
0000
0000
0000
0000
0000
0000
0000
0000
0000
0000
0000
0000
0000
0000
0000
0000
0000
0000
0000
0000
0000
0000
0000
0000
0000
0000
0000
0000
0000
0000
0000
0000
0000
0000
0000
0000
0000
0000
0000
0000
0000
0000
0000
0000
0000
0000
0000
0000
0000
0000
0000
0000
0000
0000
0000
0000
0000
0000
0000
0000
0000
0000
0000
0000
0000
0000
0000
0000
0000
0000
0000
0000
0000
0000
0000
0000
0000
0000
0000
0000
0000
0000
0000
0000
0000
0000
0000
0000
0000
0000
0000
0000
0000
0000
0000
0000
0000
0000
0000
0000
0000
0000
0000
0000
0000
0000
0000
0000
0000
0000
0000
0000
0000
0000
0000
0000
0000
0000
0000
0000
0000
0000
0000
0000
0000
0000
0000
0000
0000
0000
0000
0000
0000
0000
0000
0000
0000
0000
0000
0000
0000
0000
0000
0000
0000
0000
0000
0000
0000
0000
0000
0000
0000
0000
0000
0000
0000
0000
0000
0000
0000
0000
0000
0000
0000
0000
0000
0000
0000
0000
0000
0000
0000
0000
0000
0000
0000
0000
0000
0000
0000
0000
0000
0000
0000
0000
0000
0000
0000
0000
0000
0000
0000
0000
0000
0000
0000
0000
0000
0000
0000
0000
0000
0000
0000
0000
0000
0000
0000
0000
0000
0000
0000
0000
0000
0000
0000
0000
0000
0000
0000
0000
0000
0000
0000
0000
0000
0000
0000
0000
0000
0000
0000
0000
0000
0000
0000
0000
0000
0000
0000
0000
0000
0000
0000
0000
0000
0000
0000
0000
0000
0000
0000
0000
0000
0000
0000
0000
0000
0000
0000
0000
0000
0000
0000
0000
0000
0000
0000
0000
0000
0000
0000
0000
0000
0000
0000
0000
0000
0000
0000
0000
0000
0000
0000
0000
0000
0000
0000
0000
0000
0000
0000
0000
0000
0000
0000
0000
0000
0000
0000
0000
0000
0000
0000
0000
0000
0000
0000
0000
0000
0000
0000
0000
0000
0000
0000
0000
0000
0000
0000
0000
0000
0000
0000
0000
0000
0000
0000
0000
0000
0000
0000
0000
0000
0000
0000
0000
0000
0000
0000
0000
0000
0000
0000
0000
0000
0000
0000
0000
0000
0000
0000
0000
0000
0000
0000
0000
0000
0000
0000
0000
0000
0000
0000
0000
0000
0000
0000
0000
0000
0000
0000
0000
0000
0000
0000
0000
0000
0000
0000
0000
0000
0000
0000
0000
0000
0000
0000
0000
0000
0000
0000
0000
0000
0000
0000
0000
0000
0000
0000
0000
0000
0000
0000
0000
0000
0000
0000
0000
0000
0000
0000
0000
0000
0000
0000
0000
0000
0000
0000
0000
0000
0000
0000
0000
0000
0000
0000
0000
0000
0000
0000
0000
0000
0000
0000
0000
0000
0000
0000
0000
0000
0000
0000
0000
0000
0000
0000
0000
0000
0000
0000
0000
0000
0000
0000
0000
0000
0000
0000
0000
0000
0000
0000
0000
0000
0000
0000
0000
0000
0000
0000
0000
0000
0000
0000
0000
0000
0000
0000
0000
0000
0000
0000
0000
0000
0000
0000
0000
0000
0000
0000
0000
0000
0000
0000
0000
0000
0000
0000
0000
0000
0000
0000
0000
0000
0000
0000
0000
0000
0000
0000
0000
0000
0000
0000
0000
0000
0000
0000
0000
0000
0000
0000
0000
0000
0000
0000
0000
0000
0000
0000
0000
0000
0000
0000
0000
0000
0000
0000
0000
0000
0000
0000
0000
0000
0000
0000
0000
0000
0000
0000
0000
0000
0000
0000
0000
0000
0000
0000
0000
0000
0000
0000
0000
0000
0000
0000
0000
0000
0000
0000
0000
0000
0000
0000
0000
0000
0000
0000
0000
0000
0000
0000
0000
0000
0000
0000
0000
0000
0000
0000
0000
0000
0000
0000
0000
0000
0000
0000
0000
0000
0000
0000
0000
0000
0000
0000
0000
0000
0000
0000
0000
0000
0000
0000
0000
0000
0000
0000
0000
0000
0000
0000
0000
0000
0000
0000
0000
0000
0000
0000
0000
0000
0000
0000
0000
0000
0000
0000
0000
0000
0000
0000
0000
0000
0000
0000
0000
0000
0000
0000
0000
0000
0000
0000
0000
0000
0000
0000
0000
0000
0000
0000
0000
0000
0000
0000
0000
0000
0000
0000
0000
0000
0000
0000
0000
0000
0000
0000
0000
0000
0000
0000
0000
0000
0000
0000
0000
0000
0000
0000
0000
0000
0000
0000
0000
0000
0000
0000
0000
0000
0000
0000
0000
0000
0000
0000
0000
0000
0000
0000
0000
0000
0000
0000
0000
0000
0000
0000
0000
0000
0000
0000
0000
0000
0000
0000
0000
0000
0000
0000
0000
0000
0000
0000
0000
0000
0000
0000
0000
0000
0000
0000
0000
0000
0000
0000
0000
0000
0000
0000
0000
0000
0000
0000
0000
0000
0000
0000
0000
0000
0000
0000
0000
0000
0000
0000
0000
0000
0000
0000
0000
0000
0000
0000
0000
0000
0000
0000
0000
0000
0000
0000
0000
0000
0000
0000
0000
0000
0000
0000
0000
0000
0000
0000
0000
0000
0000
0000
0000
0000
0000
0000
0000
0000
0000
0000
0000
0000
0000
0000
0000
0000
0000
0000
0000
0000
0000
0000
0000
0000
0000
0000
0000
0000
0000
0000
0000
0000
0000
0000
0000
0000
0000
0000
0000
0000
0000
0000
0000
0000
0000
0000
0000
0000
0000
0000
0000
0000
0000
0000
0000
0000
0000
0000
0000
0000
0000
0000
0000
0000
0000
0000
0000
0000
0000
0000
0000
0000
0000
0000
0000
0000
0000
0000
0000
0000
0000
0000
0000
0000
0000
0000
0000
0000
0000
0000
0000
0000
0000
0000
0000
0000
0000
0000
0000
0000
0000
0000
0000
0000
0000
0000
0000
0000
0000
0000
0000
0000
0000
0000
0000
0000
0000
0000
0000
0000
0000
0000
0000
0000
0000
0000
0000
0000
0000
0000
0000
0000
0000
0000
0000
0000
0000
0000
0000
0000
0000
0000
0000
0000
0000
0000
0000
0000
0000
0000
0000
0000
0000
0000
0000
0000
0000
0000
0000
0000
0000
0000
0000
0000
0000
0000
0000
0000
0000
0000
0000
0000
0000
0000
0000
0000
0000
0000
0000
0000
0000
0000
0000
0000
0000
0000
0000
0000
0000
0000
0000
0000
0000
0000
0000
0000
0000
0000
0000
0000
0000
0000
0000
0000
0000
0000
0000
0000
0000
0000
0000
0000
0000
0000
0000
0000
0000
0000
0000
0000
0000
0000
0000
0000
0000
0000
0000
0000
0000
0000
0000
0000
0000
0000
0000
0000
0000
0000
0000
0000
0000
0000
0000
0000
0000
0000
0000
0000
0000
0000
0000
0000
0000
0000
0000
0000
0000
0000
0000
0000
0000
0000
0000
0000
0000
0000
0000
0000
0000
0000
0000
0000
0000
0000
0000
0000
0000
0000
0000
0000
0000
0000
0000
0000
0000
0000
0000
0000
0000
0000
0000
0000
0000
0000
0000
0000
0000
0000
0000
0000
0000
0000
0000
0000
0000
0000
0000
0000
0000
0000
0000
0000
0000
0000
0000
0000
0000
0000
0000
0000
0000
0000
0000
0000
0000
0000
0000
0000
0000
0000
0000
0000
0000
0000
0000
0000
0000
0000
0000
0000
0000
0000
0000
0000
0000
0000
0000
0000
0000
0000
0000
0000
0000
0000
0000
0000
0000
0000
0000
0000
0000
0000
0000
0000
0000
0000
0000
0000
0000
0000
0000
0000
0000
0000
0000
0000
0000
0000
0000
0000
0000
0000
0000
0000
0000
0000
0000
0000
0000
0000
0000
0000
0000
0000
0000
0000
0000
0000
0000
0000
0000
0000
0000
0000
0000
0000
0000
0000
0000
0000
0000
0000
0000
0000
0000
0000
0000
0000
0000
0000
0000
0000
0000
0000
0000
0000
0000
0000
0000
0000
0000
0000
0000
0000
0000
0000
0000
0000
0000
0000
0000
0000
0000
0000
0000
0000
0000
0000
0000
0000
0000
0000
0000
0000
0000
0000
0000
0000
0000
0000
0000
0000
0000
0000
0000
0000
0000
0000
0000
0000
0000
0000
0000
0000
0000
0000
0000
0000
0000
0000
0000
0000
0000
0000
0000
0000
0000
0000
0000
0000
0000
0000
0000
0000
0000
0000
0000
0000
0000
0000
0000
0000
0000
0000
0000
0000
0000
0000
0000
0000
0000
0000
0000
0000
0000
0000
0000
0000
0000
0000
0000
0000
0000
0000
0000
0000
0000
0000
0000
0000
0000
0000
0000
0000
0000
0000
0000
0000
0000
0000
0000
0000
0000
0000
0000
0000
0000
0000
0000
0000
0000
0000
0000
0000
0000
0000
0000
0000
0000
0000
0000
0000
0000
0000
0000
0000
0000
0000
0000
0000
0000
0000
0000
0000
0000
0000
0000
0000
0000
0000
0000
0000
0000
0000
0000
0000
0000
0000
0000
0000
0000
0000
0000
0000
0000
0000
0000
0000
0000
0000
0000
0000
0000
0000
0000
0000
0000
0000
0000
0000
0000
0000
0000
0000
0000
0000
0000
0000
0000
0000
0000
0000
0000
0000
0000
0000
0000
0000
0000
0000
0000
0000
0000
0000
0000
0000
0000
0000
0000
0000
0000
0000
0000
0000
0000
0000
0000
0000
0000
0000
0000
0000
0000
0000
0000
0000
0000
0000
0000
0000
0000
0000
0000
0000
0000
0000
0000
0000
0000
0000
0000
0000
0000
0000
0000
0000
0000
0000
0000
0000
0000
0000
0000
0000
0000
0000
0000
0000
0000
0000
0000
0000
0000
0000
0000
0000
0000
0000
0000
0000
0000
0000
0000
0000
0000
0000
0000
0000
0000
0000
0000
0000
0000
0000
0000
0000
0000
0000
0000
0000
0000
0000
0000
0000
0000
0000
0000
0000
0000
0000
0000
0000
0000
0000
0000
0000
0000
0000
0000
0000
0000
0000
0000
0000
0000
0000
0000
0000
0000
0000
0000
0000
0000
0000
0000
0000
0000
0000
0000
0000
0000
0000
0000
0000
0000
0000
0000
0000
0000
0000
0000
0000
0000
0000
0000
0000
0000
0000
0000
0000
0000
0000
0000
0000
0000
0000
0000
0000
0000
0000
0000
0000
0000
0000
0000
0000
0000
0000
0000
0000
0000
0000
0000
0000
0000
0000
0000
0000
0000
0000
0000
0000
0000
0000
0000
0000
0000
0000
0000
0000
0000
0000
0000
0000
0000
0000
0000
0000
0000
0000
0000
0000
0000
0000
0000
0000
0000
0000
0000
0000
0000
0000
0000
0000
0000
0000
0000
0000
0000
0000
0000
0000
0000
0000
0000
0000
0000
0000
0000
0000
0000
0000
0000
0000
0000
0000
0000
0000
0000
0000
0000
0000
0000
0000
0000
0000
0000
0000
0000
0000
0000
0000
0000
0000
0000
0000
0000
0000
0000
0000
0000
0000
0000
0000
0000
0000
0000
0000
0000
0000
0000
0000
0000
0000
0000
0000
0000
0000
0000
0000
0000
0000
0000
0000
0000
0000
0000
0000
0000
0000
0000
0000
0000
0000
0000
0000
0000
0000
0000
0000
0000
0000
0000
0000
0000
0000
0000
0000
0000
0000
0000
0000
0000
0000
0000
0000
0000
0000
0000
0000
0000
0000
0000
0000
0000
0000
0000
0000
0000
0000
0000
0000
0000
0000
0000
0000
0000
0000
0000
0000
0000
0000
0000
0000
0000
0000
0000
0000
0000
0000
0000
0000
0000
0000
0000
0000
0000
0000
0000
0000
0000
0000
0000
0000
0000
0000
0000
0000
0000
0000
0000
0000
0000
0000
0000
0000
0000
0000
0000
0000
0000
0000
0000
0000
0000
0000
0000
0000
0000
0000
0000
0000
0000
0000
0000
0000
0000
0000
0000
0000
0000
0000
0000
0000
0000
0000
0000
0000
0000
0000
0000
0000
0000
0000
0000
0000
0000
0000
0000
0000
0000
0000
0000
0000
0000
0000
0000
0000
0000
0000
0000
0000
0000
0000
0000
0000
0000
0000
0000
0000
0000
0000
0000
0000
0000
0000
0000
0000
0000
0000
0000
0000
0000
0000
0000
0000
0000
0000
0000
0000
0000
0000
0000
0000
0000
0000
0000
0000
0000
0000
0000
0000
0000
0000
0000
0000
0000
0000
0000
0000
0000
0000
0000
0000
0000
0000
0000
0000
0000
0000
0000
0000
0000
0000
0000
0000
0000
0000
0000
0000
0000
0000
0000
0000
0000
0000
0000
0000
0000
0000
0000
0000
0000
0000
0000
0000
0000
0000
0000
0000
0000
0000
0000
0000
0000
0000
0000
0000
0000
0000
0000
0000
0000
0000
0000
0000
0000
0000
0000
0000
0000
0000
0000
0000
0000
0000
0000
0000
0000
0000
0000
0000
0000
0000
0000
0000
0000
0000
0000
0000
0000
0000
0000
0000
0000
0000
0000
0000
0000
0000
0000
0000
0000
0000
0000
0000
0000
0000
0000
0000
0000
0000
0000
0000
0000
0000
0000
0000
0000
0000
0000
0000
0000
0000
0000
0000
0000
0000
0000
0000
0000
0000
0000
0000
0000
0000
0000
0000
0000
0000
0000
0000
0000
0000
0000
0000
0000
0000
0000
0000
0000
0000
0000
0000
0000
0000
0000
0000
0000
0000
0000
0000
0000
0000
0000
0000
0000
0000
0000
0000
0000
0000
0000
0000
0000
0000
0000
0000
0000
0000
0000
0000
0000
0000
0000
0000
0000
0000
0000
0000
0000
0000
0000
0000
0000
0000
0000
0000
0000
0000
0000
0000
0000
0000
0000
0000
0000
0000
0000
0000
0000
0000
0000
0000
0000
0000
0000
0000
0000
0000
0000
0000
0000
0000
0000
0000
0000
0000
0000
0000
0000
0000
0000
0000
0000
0000
0000
0000
0000
0000
0000
0000
0000
0000
0000
0000
0000
0000
0000
0000
0000
0000
0000
0000
0000
0000
0000
0000
0000
0000
0000
0000
0000
0000
0000
0000
0000
0000
0000
0000
0000
0000
0000
0000
0000
0000
0000
0000
0000
0000
0000
0000
0000
0000
0000
0000
0000
0000
0000
0000
0000
0000
0000
0000
0000
0000
0000
0000
0000
0000
0000
0000
0000
0000
0000
0000
0000
0000
0000
0000
0000
0000
0000
0000
0000
0000
0000
0000
0000
0000
0000
0000
0000
0000
0000
0000
0000
0000
0000
0000
0000
0000
0000
0000
0000
0000
0000
0000
0000
0000
0000
0000
0000
0000
0000
0000
0000
0000
0000
0000
0000
0000
0000
0000
0000
0000
0000
0000
0000
0000
0000
0000
0000
0000
0000
0000
0000
0000
0000
0000
0000
0000
0000
0000
0000
0000
0000
0000
0000
0000
0000
0000
0000
0000
0000
0000
0000
0000
0000
0000
0000
0000
0000
0000
0000
0000
0000
0000
0000
0000
0000
0000
0000
0000
0000
0000
0000
0000
0000
0000
0000
0000
0000
0000
0000
0000
0000
0000
0000
0000
0000
0000
0000
0000
0000
0000
0000
0000
0000
0000
0000
0000
0000
0000
0000
0000
0000
0000
0000
0000
0000
0000
0000
0000
0000
0000
0000
0000
0000
0000
0000
0000
0000
0000
0000
0000
0000
0000
0000
0000
0000
0000
0000
0000
0000
0000
0000
0000
0000
0000
0000
0000
0000
0000
0000
0000
0000
0000
0000
0000
0000
0000
0000
0000
0000
0000
0000
0000
0000
0000
0000
0000
0000
0000
0000
0000
0000
0000
0000
0000
0000
0000
0000
0000
0000
0000
0000
0000
0000
0000
0000
0000
0000
0000
0000
0000
0000
0000
0000
0000
0000
0000
0000
0000
0000
0000
0000
0000
0000
0000
0000
0000
0000
0000
0000
0000
0000
0000
0000
0000
0000
0000
0000
0000
0000
0000
0000
0000
0000
0000
0000
0000
0000
0000
0000
0000
0000
0000
0000
0000
0000
0000
0000
0000
0000
0000
0000
0000
0000
0000
0000
0000
0000
0000
0000
0000
0000
0000
0000
0000
0000
0000
0000
0000
0000
0000
0000
0000
0000
0000
0000
0000
0000
0000
0000
0000
0000
0000
0000
0000
0000
0000
0000
0000
0000
0000
0000
0000
0000
0000
0000
0000
0000
0000
0000
0000
0000
0000
0000
0000
0000
0000
0000
0000
0000
0000
0000
0000
0000
0000
0000
0000
0000
0000
0000
0000
0000
0000
0000
0000
0000
0000
0000
0000
0000
0000
0000
0000
0000
0000
0000
0000
0000
0000
0000
0000
0000
0000
0000
0000
0000
0000
0000
0000
0000
0000
0000
0000
0000
0000
0000
0000
0000
0000
0000
0000
0000
0000
0000
0000
0000
0000
0000
0000
0000
0000
0000
0000
0000
0000
0000
0000
0000
0000
0000
0000
0000
0000
0000
0000
0000
0000
0000
0000
0000
0000
0000
0000
0000
0000
0000
0000
0000
0000
0000
0000
0000
0000
0000
0000
0000
0000
0000
0000
0000
0000
0000
0000
0000
0000
0000
0000
0000
0000
0000
0000
0000
0000
0000
0000
0000
0000
0000
0000
0000
0000
0000
0000
0000
0000
0000
0000
0000
0000
0000
0000
0000
0000
0000
0000
0000
0000
0000
0000
0000
0000
0000
0000
0000
0000
0000
0000
0000
0000
0000
0000
0000
0000
0000
0000
0000
0000
0000
0000
0000
0000
0000
0000
0000
0000
0000
0000
0000
0000
0000
0000
0000
0000
0000
0000
0000
0000
0000
0000
0000
0000
0000
0000
0000
0000
0000
0000
0000
0000
0000
0000
0000
0000
0000
0000
0000
0000
0000
0000
0000
0000
0000
0000
0000
0000
0000
0000
0000
0000
0000
0000
0000
0000
0000
0000
0000
0000
0000
0000
0000
0000
0000
0000
0000
0000
0000
0000
0000
0000
0000
0000
0000
0000
0000
0000
0000
0000
0000
0000
0000
0000
0000
0000
0000
0000
0000
0000
0000
0000
0000
0000
0000
0000
0000
0000
0000
0000
0000
0000
0000
0000
0000
0000
0000
0000
0000
0000
0000
0000
0000
0000
0000
0000
0000
0000
0000
0000
0000
0000
0000
0000
0000
0000
0000
0000
0000
0000
0000
0000
0000
0000
0000
0000
0000
0000
0000
0000
0000
0000
0000
0000
0000
0000
0000
0000
0000
0000
0000
0000
0000
0000
0000
0000
0000
0000
0000
0000
0000
0000
0000
0000
0000
0000
0000
0000
0000
0000
0000
0000
0000
0000
0000
0000
0000
0000
0000
0000
0000
0000
0000
0000
0000
0000
0000
0000
0000
0000
0000
0000
0000
0000
0000
0000
0000
0000
0000
0000
0000
0000
0000
0000
0000
0000
0000
0000
0000
0000
0000
0000
0000
0000
0000
0000
0000
0000
0000
0000
0000
0000
0000
0000
0000
0000
0000
0000
0000
0000
0000
0000
0000
0000
0000
0000
0000
0000
0000
0000
0000
0000
0000
0000
0000
0000
0000
0000
0000
0000
0000
0000
0000
0000
0000
0000
0000
0000
0000
0000
0000
0000
0000
0000
0000
0000
0000
0000
0000
0000
0000
0000
0000
0000
0000
0000
0000
0000
0000
0000
0000
0000
0000
0000
0000
0000
0000
0000
0000
0000
0000
0000
0000
0000
0000
0000
0000
0000
0000
0000
0000
0000
0000
0000
0000
0000
0000
0000
0000
0000
0000
0000
0000
0000
0000
0000
0000
0000
0000
0000
0000
0000
0000
0000
0000
0000
0000
0000
0000
0000
0000
0000
0000
0000
0000
0000
0000
0000
0000
0000
0000
0000
0000
0000
0000
0000
0000
0000
0000
0000
0000
0000
0000
0000
0000
0000
0000
0000
0000
0000
0000
0000
0000
0000
0000
0000
0000
0000
0000
0000
0000
0000
0000
0000
0000
0000
0000
0000
0000
0000
0000
0000
0000
0000
0000
0000
0000
0000
0000
0000
0000
0000
0000
0000
0000
0000
0000
0000
0000
0000
0000
0000
0000
0000
0000
0000
0000
0000
0000
0000
0000
0000
0000
0000
0000
0000
0000
0000
0000
0000
0000
0000
0000
0000
0000
0000
0000
0000
0000
0000
0000
0000
0000
0000
0000
0000
0000
0000
0000
0000
0000
0000
0000
0000
0000
0000
0000
0000
0000
0000
0000
0000
0000
0000
0000
0000
0000
0000
0000
0000
0000
0000
0000
0000
0000
0000
0000
0000
0000
0000
0000
0000
0000
0000
0000
0000
0000
0000
0000
0000
0000
0000
0000
0000
0000
0000
0000
0000
0000
0000
0000
0000
0000
0000
0000
0000
0000
0000
0000
0000
0000
0000
0000
0000
0000
0000
0000
0000
0000
0000
0000
0000
0000
0000
0000
0000
0000
0000
0000
0000
0000
0000
0000
0000
0000
0000
0000
0000
0000
0000
0000
0000
0000
0000
0000
0000
0000
0000
0000
0000
0000
0000
0000
0000
0000
0000
0000
0000
0000
0000
0000
0000
0000
0000
0000
0000
0000
0000
0000
0000
0000
0000
0000
0000
0000
0000
0000
0000
0000
0000
0000
0000
0000
0000
0000
0000
0000
0000
0000
0000
0000
0000
0000
0000
0000
0000
0000
0000
0000
0000
0000
0000
0000
0000
0000
0000
0000
0000
0000
0000
0000
0000
0000
0000
0000
0000
0000
0000
0000
0000
0000
0000
0000
0000
0000
0000
0000
0000
0000
0000
0000
0000
0000
0000
0000
0000
0000
0000
0000
0000
0000
0000
0000
0000
0000
0000
0000
0000
0000
0000
0000
0000
0000
0000
0000
0000
0000
0000
0000
0000
0000
0000
0000
0000
0000
0000
0000
0000
0000
0000
0000
0000
0000
0000
0000
0000
0000
0000
0000
0000
0000
0000
0000
0000
0000
0000
0000
0000
0000
0000
0000
0000
0000
0000
0000
0000
0000
0000
0000
0000
0000
0000
0000
0000
0000
0000
0000
0000
0000
0000
0000
0000
0000
0000
0000
0000
0000
0000
0000
0000
0000
0000
0000
0000
0000
0000
0000
0000
0000
0000
0000
0000
0000
0000
0000
0000
0000
0000
0000
0000
0000
0000
0000
0000
0000
0000
0000
0000
0000
0000
0000
0000
0000
0000
0000
0000
0000
0000
0000
0000
0000
0000
0000
0000
0000
0000
0000
0000
0000
0000
0000
0000
0000
0000
0000
0000
0000
0000
0000
0000
0000
0000
0000
0000
0000
0000
0000
0000
0000
0000
0000
0000
0000
0000
0000
0000
0000
0000
0000
0000
0000
0000
0000
0000
0000
0000
0000
0000
0000
0000
0000
0000
0000
0000
0000
0000
0000
0000
0000
0000
0000
0000
0000
0000
0000
0000
0000
0000
0000
0000
0000
0000
0000
0000
0000
0000
0000
0000
0000
0000
0000
0000
0000
0000
0000
0000
0000
0000
0000
0000
0000
0000
0000
0000
0000
0000
0000
0000
0000
0000
0000
0000
0000
0000
0000
0000
0000
0000
0000
0000
0000
0000
0000
0000
0000
0000
0000
0000
0000
0000
0000
0000
0000
0000
0000
0000
0000
0000
0000
0000
0000
0000
0000
0000
0000
0000
0000
0000
0000
0000
0000
0000
0000
0000
0000
0000
0000
0000
0000
0000
0000
0000
0000
0000
0000
0000
0000
0000
0000
0000
0000
0000
0000
0000
0000
0000
0000
0000
0000
0000
0000
0000
0000
0000
0000
0000
0000
0000
0000
0000
0000
0000
0000
0000
0000
0000
0000
0000
0000
0000
0000
0000
0000
0000
0000
0000
0000
0000
0000
0000
0000
0000
0000
0000
0000
0000
0000
0000
0000
0000
0000
0000
0000
0000
0000
0000
0000
0000
0000
0000
0000
0000
0000
0000
0000
0000
0000
0000
0000
0000
0000
0000
0000
0000
0000
0000
0000
0000
0000
0000
0000
0000
0000
0000
0000
0000
0000
0000
0000
0000
0000
0000
0000
0000
0000
0000
0000
0000
0000
0000
0000
0000
0000
0000
0000
0000
0000
0000
0000
0000
0000
0000
0000
0000
0000
0000
0000
0000
0000
0000
0000
0000
0000
0000
0000
0000
0000
0000
0000
0000
0000
0000
0000
0000
0000
0000
0000
0000
0000
0000
0000
0000
0000
0000
0000
0000
0000
0000
0000
0000
0000
0000
0000
0000
0000
0000
0000
0000
0000
0000
0000
0000
0000
0000
0000
0000
0000
0000
0000
0000
0000
0000
0000
0000
0000
0000
0000
0000
0000
0000
0000
0000
0000
0000
0000
0000
0000
0000
0000
0000
0000
0000
0000
0000
0000
0000
0000
0000
0000
0000
0000
0000
0000
0000
0000
0000
0000
0000
0000
0000
0000
0000
0000
0000
0000
0000
0000
0000
0000
0000
0000
0000
0000
0000
0000
0000
0000
0000
0000
0000
0000
0000
0000
0000
0000
0000
0000
0000
0000
0000
0000
0000
0000
0000
0000
0000
0000
0000
0000
0000
0000
0000
0000
0000
0000
0000
0000
0000
0000
0000
0000
0000
0000
0000
0000
0000
0000
0000
0000
0000
0000
0000
0000
0000
0000
0000
0000
0000
0000
0000
0000
0000
0000
0000
0000
0000
0000
0000
0000
0000
0000
0000
0000
0000
0000
0000
0000
0000
0000
0000
0000
0000
0000
0000
0000
0000
0000
0000
0000
0000
0000
0000
0000
0000
0000
0000
0000
0000
0000
0000
0000
0000
0000
0000
0000
0000
0000
0000
0000
0000
0000
0000
0000
0000
0000
0000
0000
0000
0000
0000
0000
0000
0000
0000
0000
0000
0000
0000
0000
0000
0000
0000
0000
0000
0000
0000
0000
0000
0000
0000
0000
0000
0000
0000
0000
0000
0000
0000
0000
0000
0000
0000
0000
0000
0000
0000
0000
0000
0000
0000
0000
0000
0000
0000
0000
0000
0000
0000
0000
0000
0000
0000
0000
0000
0000
0000
0000
0000
0000
0000
0000
0000
0000
0000
0000
0000
0000
0000
0000
0000
0000
0000
0000
0000
0000
0000
0000
0000
0000
0000
0000
0000
0000
0000
0000
0000
0000
0000
0000
0000
0000
0000
0000
0000
0000
0000
0000
0000
0000
0000
0000
0000
0000
0000
0000
0000
0000
0000
0000
0000
0000
0000
0000
0000
0000
0000
0000
0000
0000
0000
0000
0000
0000
0000
0000
0000
0000
0000
0000
0000
0000
0000
0000
0000
0000
0000
0000
0000
0000
0000
0000
0000
0000
0000
0000
0000
0000
0000
0000
0000
0000
0000
0000
0000
0000
0000
0000
0000
0000
0000
0000
0000
0000
0000
0000
0000
0000
0000
0000
0000
0000
0000
0000
0000
0000
0000
0000
0000
0000
0000
0000
0000
0000
0000
0000
0000
0000
0000
0000
0000
0000
0000
0000
0000
0000
0000
0000
0000
0000
0000
0000
0000
0000
0000
0000
0000
0000
0000
0000
0000
0000
0000
0000
0000
0000
0000
0000
0000
0000
0000
0000
0000
0000
0000
0000
0000
0000
0000
0000
0000
0000
0000
0000
0000
0000
0000
0000
0000
0000
0000
0000
0000
0000
0000
0000
0000
0000
0000
0000
0000
0000
0000
0000
0000
0000
0000
0000
0000
0000
0000
0000
0000
0000
0000
0000
0000
0000
0000
0000
0000
0000
0000
0000
0000
0000
0000
0000
0000
0000
0000
0000
0000
0000
0000
0000
0000
0000
0000
0000
0000
0000
0000
0000
0000
0000
0000
0000
0000
0000
0000
0000
0000
0000
0000
0000
0000
0000
0000
0000
0000
0000
0000
0000
0000
0000
0000
0000
0000
0000
0000
0000
0000
0000
0000
0000
0000
0000
0000
0000
0000
0000
0000
0000
0000
0000
0000
0000
0000
0000
0000
0000
0000
0000
0000
0000
0000
0000
0000
0000
0000
0000
0000
0000
0000
0000
0000
0000
0000
0000
0000
0000
0000
0000
0000
0000
0000
0000
0000
0000
0000
0000
0000
0000
0000
0000
0000
0000
0000
0000
0000
0000
0000
0000
0000
0000
0000
0000
0000
0000
0000
0000
0000
0000
0000
0000
0000
0000
0000
0000
0000
0000
0000
0000
0000
0000
0000
0000
0000
0000
0000
0000
0000
0000
0000
0000
0000
0000
0000
0000
0000
0000
0000
0000
0000
0000
0000
0000
0000
0000
0000
0000
0000
0000
0000
0000
0000
0000
0000
0000
0000
0000
0000
0000
0000
0000
0000
0000
0000
0000
0000
0000
0000
0000
0000
0000
0000
0000
0000
0000
0000
0000
0000
0000
0000
0000
0000
0000
0000
0000
0000
0000
0000
0000
0000
0000
0000
0000
0000
0000
0000
0000
0000
0000
0000
0000
0000
0000
0000
0000
0000
0000
0000
0000
0000
0000
0000
0000
0000
0000
0000
0000
0000
0000
0000
0000
0000
0000
0000
0000
0000
0000
0000
0000
0000
0000
0000
0000
0000
0000
0000
0000
0000
0000
0000
0000
0000
0000
0000
0000
0000
0000
0000
0000
0000
0000
0000
0000
0000
0000
0000
0000
0000
0000
0000
0000
0000
0000
0000
0000
0000
0000
0000
0000
0000
0000
0000
0000
0000
0000
0000
0000
0000
0000
0000
0000
0000
0000
0000
0000
0000
0000
0000
0000
0000
0000
0000
0000
0000
0000
0000
0000
0000
0000
0000
0000
0000
0000
0000
0000
0000
0000
0000
0000
0000
0000
0000
0000
0000
0000
0000
0000
0000
0000
0000
0000
0000
0000
0000
0000
0000
0000
0000
0000
0000
0000
0000
0000
0000
0000
0000
0000
0000
0000
0000
0000
0000
0000
0000
0000
0000
0000
0000
0000
0000
0000
0000
0000
0000
0000
0000
0000
0000
0000
0000
0000
0000
0000
0000
0000
0000
0000
0000
0000
0000
0000
0000
0000
0000
0000
0000
0000
0000
0000
0000
0000
0000
0000
0000
0000
0000
0000
0000
0000
0000
0000
0000
0000
0000
0000
0000
0000
0000
0000
0000
0000
0000
0000
0000
0000
0000
0000
0000
0000
0000
0000
0000
0000
0000
0000
0000
0000
0000
0000
0000
0000
0000
0000
0000
0000
0000
0000
0000
0000
0000
0000
0000
0000
0000
0000
0000
0000
0000
0000
0000
0000
0000
0000
0000
0000
0000
0000
0000
0000
0000
0000
0000
0000
0000
0000
0000
0000
0000
0000
0000
0000
0000
0000
0000
0000
0000
0000
0000
0000
0000
0000
0000
0000
0000
0000
0000
0000
0000
0000
0000
0000
0000
0000
0000
0000
0000
0000
0000
0000
0000
0000
0000
0000
0000
0000
0000
0000
0000
0000
0000
0000
0000
0000
0000
0000
0000
0000
0000
0000
0000
0000
0000
0000
0000
0000
0000
0000
0000
0000
0000
0000
0000
0000
0000
0000
0000
0000
0000
0000
0000
0000
0000
0000
0000
0000
0000
0000
0000
0000
0000
0000
0000
0000
0000
0000
0000
0000
0000
0000
0000
0000
0000
0000
0000
0000
0000
0000
0000
0000
0000
0000
0000
0000
0000
0000
0000
0000
0000
0000
0000
0000
0000
0000
0000
0000
0000
0000
0000
0000
0000
0000
0000
0000
0000
0000
0000
0000
0000
0000
0000
0000
0000
0000
0000
0000
0000
0000
0000
0000
0000
0000
0000
0000
0000
0000
0000
0000
0000
0000
0000
0000
0000
0000
0000
0000
0000
0000
0000
0000
0000
0000
0000
0000
0000
0000
0000
0000
0000
0000
0000
0000
0000
0000
0000
0000
0000
0000
0000
0000
0000
0000
0000
0000
0000
0000
0000
0000
0000
0000
0000
0000
0000
0000
0000
0000
0000
0000
0000
0000
0000
0000
0000
0000
0000
0000
0000
0000
0000
0000
0000
0000
0000
0000
0000
0000
0000
0000
0000
0000
0000
0000
0000
0000
0000
0000
0000
0000
0000
0000
0000
0000
0000
0000
0000
0000
0000
0000
0000
0000
0000
0000
0000
0000
0000
0000
0000
0000
0000
0000
0000
0000
0000
0000
0000
0000
0000
0000
0000
0000
0000
0000
0000
0000
0000
0000
0000
0000
0000
0000
0000
0000
0000
0000
0000
0000
0000
0000
0000
0000
0000
0000
0000
0000
0000
0000
0000
0000
0000
0000
0000
0000
0000
0000
0000
0000
0000
0000
0000
0000
0000
0000
0000
0000
0000
0000
0000
0000
0000
0000
0000
0000
0000
0000
0000
0000
0000
0000
0000
0000
0000
0000
0000
0000
0000
0000
0000
0000
0000
0000
0000
0000
0000
0000
0000
0000
0000
0000
0000
0000
0000
0000
0000
0000
0000
0000
0000
0000
0000
0000
0000
0000
0000
0000
0000
0000
0000
0000
0000
0000
0000
0000
0000
0000
0000
0000
0000
0000
0000
0000
0000
0000
0000
0000
0000
0000
0000
0000
0000
0000
0000
0000
0000
0000
0000
0000
0000
0000
0000
0000
0000
0000
0000
0000
0000
0000
0000
0000
0000
0000
0000
0000
0000
0000
0000
0000
0000
0000
0000
0000
0000
0000
0000
0000
0000
0000
0000
0000
0000
0000
0000
0000
0000
0000
0000
0000
0000
0000
0000
0000
0000
0000
0000
0000
0000
0000
0000
0000
0000
0000
0000
0000
0000
0000
0000
0000
0000
0000
0000
0000
0000
0000
0000
0000
0000
0000
0000
0000
0000
0000
0000
0000
0000
0000
0000
0000
0000
0000
0000
0000
0000
0000
0000
0000
0000
0000
0000
0000
0000
0000
0000
0000
0000
0000
0000
0000
0000
0000
0000
0000
0000
0000
0000
0000
0000
0000
0000
0000
0000
0000
0000
0000
0000
0000
0000
0000
0000
0000
0000
0000
0000
0000
0000
0000
0000
0000
0000
0000
0000
0000
0000
0000
0000
0000
0000
0000
0000
0000
0000
0000
0000
0000
0000
0000
0000
0000
0000
0000
0000
0000
0000
0000
0000
0000
0000
0000
0000
0000
0000
0000
0000
0000
0000
0000
0000
0000
0000
0000
0000
0000
0000
0000
0000
0000
0000
0000
0000
0000
0000
0000
0000
0000
0000
0000
0000
0000
0000
0000
0000
0000
0000
0000
0000
0000
0000
0000
0000
0000
0000
0000
0000
0000
0000
0000
0000
0000
0000
0000
0000
0000
0000
0000
0000
0000
0000
0000
0000
0000
0000
0000
0000
0000
0000
0000
0000
0000
0000
0000
0000
0000
0000
0000
0000
0000
0000
0000
0000
0000
0000
0000
0000
0000
0000
0000
0000
0000
0000
0000
0000
0000
0000
0000
0000
0000
0000
0000
0000
0000
0000
0000
0000
0000
0000
0000
0000
0000
0000
0000
0000
0000
0000
0000
0000
0000
0000
0000
0000
0000
0000
0000
0000
0000
0000
0000
0000
0000
0000
0000
0000
0000
0000
0000
0000
0000
0000
0000
0000
0000
0000
0000
0000
0000
0000
0000
0000
0000
0000
0000
0000
0000
0000
0000
0000
0000
0000
0000
0000
0000
0000
0000
0000
0000
0000
0000
0000
0000
0000
0000
0000
0000
0000
0000
0000
0000
0000
0000
0000
0000
0000
0000
0000
0000
0000
0000
0000
0000
0000
0000
0000
0000
0000
0000
0000
0000
0000
0000
0000
0000
0000
0000
0000
0000
0000
0000
0000
0000
0000
0000
0000
0000
0000
0000
0000
0000
0000
0000
0000
0000
0000
0000
0000
0000
0000
0000
0000
0000
0000
0000
0000
0000
0000
0000
0000
0000
0000
0000
0000
0000
0000
0000
0000
0000
0000
0000
0000
0000
0000
0000
0000
0000
0000
0000
0000
0000
0000
0000
0000
0000
0000
0000
0000
0000
0000
0000
0000
0000
0000
0000
0000
0000
0000
0000
0000
0000
0000
0000
0000
0000
0000
0000
0000
0000
0000
0000
0000
0000
0000
0000
0000
0000
0000
0000
0000
0000
0000
0000
0000
0000
0000
0000
0000
0000
0000
0000
0000
0000
0000
0000
0000
0000
0000
0000
0000
0000
0000
0000
0000
0000
0000
0000
0000
0000
0000
0000
0000
0000
0000
0000
0000
0000
0000
0000
0000
0000
0000
0000
0000
0000
0000
0000
0000
0000
0000
0000
0000
0000
0000
0000
0000
0000
0000
0000
0000
0000
0000
0000
0000
0000
0000
0000
0000
0000
0000
0000
0000
0000
0000
0000
0000
0000
0000
0000
0000
0000
0000
0000
0000
0000
0000
0000
0000
0000
0000
0000
0000
0000
0000
0000
0000
0000
0000
0000
0000
0000
0000
0000
0000
0000
0000
0000
0000
0000
0000
0000
0000
0000
0000
0000
0000
0000
0000
0000
0000
0000
0000
0000
0000
0000
0000
0000
0000
0000
0000
0000
0000
0000
0000
0000
0000
0000
0000
0000
0000
0000
0000
0000
0000
0000
0000
0000
0000
0000
0000
0000
0000
0000
0000
0000
0000
0000
0000
0000
0000
0000
0000
0000
0000
0000
0000
0000
0000
0000
0000
0000
0000
0000
0000
0000
0000
0000
0000
0000
0000
0000
0000
0000
0000
0000
0000
0000
0000
0000
0000
0000
0000
0000
0000
0000
0000
0000
0000
0000
0000
0000
0000
0000
0000
0000
0000
0000
0000
0000
0000
0000
0000
0000
0000
0000
0000
0000
0000
0000
0000
0000
0000
0000
0000
0000
0000
0000
0000
0000
0000
0000
0000
0000
0000
0000
0000
0000
0000
0000
0000
0000
0000
0000
0000
0000
0000
0000
0000
0000
0000
0000
0000
0000
0000
0000
0000
0000
0000
0000
0000
0000
0000
0000
0000
0000
0000
0000
0000
0000
0000
0000
0000
0000
0000
0000
0000
0000
0000
0000
0000
0000
0000
0000
0000
0000
0000
0000
0000
0000
0000
0000
0000
0000
0000
0000
0000
0000
0000
0000
0000
0000
0000
0000
0000
0000
0000
0000
0000
0000
0000
0000
0000
0000
0000
0000
0000
0000
0000
0000
0000
0000
0000
0000
0000
0000
0000
0000
0000
0000
0000
0000
0000
0000
0000
0000
0000
0000
0000
0000
0000
0000
0000
0000
0000
0000
0000
0000
0000
0000
0000
0000
0000
0000
0000
0000
0000
0000
0000
0000
0000
0000
0000
0000
0000
0000
0000
0000
0000
0000
0000
0000
0000
0000
0000
0000
0000
0000
0000
0000
0000
0000
0000
0000
0000
0000
0000
0000
0000
0000
0000
0000
0000
0000
0000
0000
0000
0000
0000
0000
0000
0000
0000
0000
0000
0000
0000
0000
0000
0000
0000
0000
0000
0000
0000
0000
0000
0000
0000
0000
0000
0000
0000
0000
0000
0000
0000
0000
0000
0000
0000
0000
0000
0000
0000
0000
0000
0000
0000
0000
0000
0000
0000
0000
0000
0000
0000
0000
0000
0000
0000
0000
0000
0000
0000
0000
0000
0000
0000
0000
0000
0000
0000
0000
0000
0000
0000
0000
0000
0000
0000
0000
0000
0000
0000
0000
0000
0000
0000
0000
0000
0000
0000
0000
0000
0000
0000
0000
0000
0000
0000
0000
0000
0000
0000
0000
0000
0000
0000
0000
0000
0000
0000
0000
0000
0000
0000
0000
0000
0000
0000
0000
0000
0000
0000
0000
0000
0000
0000
0000
0000
0000
0000
0000
0000
0000
0000
0000
0000
0000
0000
0000
0000
0000
0000
0000
0000
0000
0000
0000
0000
0000
0000
0000
0000
0000
0000
0000
0000
0000
0000
0000
0000
0000
0000
0000
0000
0000
0000
0000
0000
0000
0000
0000
0000
0000
0000
0000
0000
0000
0000
0000
0000
0000
0000
0000
0000
0000
0000
0000
0000
0000
0000
0000
0000
0000
0000
0000
0000
0000
0000
0000
0000
0000
0000
0000
0000
0000
0000
0000
0000
0000
0000
0000
0000
0000
0000
0000
0000
0000
0000
0000
0000
0000
0000
0000
0000
0000
0000
0000
0000
0000
0000
0000
0000
0000
0000
0000
0000
0000
0000
0000
0000
0000
0000
0000
0000
0000
0000
0000
0000
0000
0000
0000
0000
0000
0000
0000
0000
0000
0000
0000
0000
0000
0000
0000
0000
0000
0000
0000
0000
0000
0000
0000
0000
0000
0000
0000
0000
0000
0000
0000
0000
0000
0000
0000
0000
0000
0000
0000
0000
0000
0000
0000
0000
0000
0000
0000
0000
0000
0000
0000
0000
0000
0000
0000
0000
0000
0000
0000
0000
0000
0000
0000
0000
0000
0000
0000
0000
0000
0000
0000
0000
0000
0000
0000
0000
0000
0000
0000
0000
0000
0000
0000
0000
0000
0000
0000
0000
0000
0000
0000
0000
0000
0000
0000
0000
0000
0000
0000
0000
0000
0000
0000
0000
0000
0000
0000
0000
0000
0000
0000
0000
0000
0000
0000
0000
0000
0000
0000
0000
0000
0000
0000
0000
0000
0000
0000
0000
0000
0000
0000
0000
0000
0000
0000
0000
0000
0000
0000
0000
0000
0000
0000
0000
0000
0000
0000
0000
0000
0000
0000
0000
0000
0000
0000
0000
0000
0000
0000
0000
0000
0000
0000
0000
0000
0000
0000
0000
0000
0000
0000
0000
0000
0000
0000
0000
0000
0000
0000
0000
0000
0000
0000
0000
0000
0000
0000
0000
0000
0000
0000
0000
0000
0000
0000
0000
0000
0000
0000
0000
0000
0000
0000
0000
0000
0000
0000
0000
0000
0000
0000
0000
0000
0000
0000
0000
0000
0000
0000
0000
0000
0000
0000
0000
0000
0000
0000
0000
0000
0000
0000
0000
0000
0000
0000
0000
0000
0000
0000
0000
0000
0000
0000
0000
0000
0000
0000
0000
0000
0000
0000
0000
0000
0000
0000
0000
0000
0000
0000
0000
0000
0000
0000
0000
0000
0000
0000
0000
0000
0000
0000
0000
0000
0000
0000
0000
0000
0000
0000
0000
0000
0000
0000
0000
0000
0000
0000
0000
0000
0000
0000
0000
0000
0000
0000
0000
0000
0000
0000
0000
0000
0000
0000
0000
0000
0000
0000
0000
0000
0000
0000
0000
0000
0000
0000
0000
0000
0000
0000
0000
0000
0000
0000
0000
0000
0000
0000
0000
0000
0000
0000
0000
0000
0000
0000
0000
0000
0000
0000
0000
0000
0000
0000
0000
0000
0000
0000
0000
0000
0000
0000
0000
0000
0000
0000
0000
0000
0000
0000
0000
0000
0000
0000
0000
0000
0000
0000
0000
0000
0000
0000
0000
0000
0000
0000
0000
0000
0000
0000
0000
0000
0000
0000
0000
0000
0000
0000
0000
0000
0000
0000
0000
0000
0000
0000
0000
0000
0000
0000
0000
0000
0000
0000
0000
0000
0000
0000
0000
0000
0000
0000
0000
0000
0000
0000
0000
0000
0000
0000
0000
0000
0000
0000
0000
0000
0000
0000
0000
0000
0000
0000
0000
0000
0000
0000
0000
0000
0000
0000
0000
0000
0000
0000
0000
0000
0000
0000
0000
0000
0000
0000
0000
0000
0000
0000
0000
0000
0000
0000
0000
0000
0000
0000
0000
0000
0000
0000
0000
0000
0000
0000
0000
0000
0000
0000
0000
0000
0000
0000
0000
0000
0000
0000
0000
0000
0000
0000
0000
0000
0000
0000
0000
0000
0000
0000
0000
0000
0000
0000
0000
0000
0000
0000
0000
0000
0000
0000
0000
0000
0000
0000
0000
0000
0000
0000
0000
0000
0000
0000
0000
0000
0000
0000
0000
0000
0000
0000
0000
0000
0000
0000
0000
0000
0000
0000
0000
0000
0000
0000
0000
0000
0000
0000
0000
0000
0000
0000
0000
0000
0000
0000
0000
0000
0000
0000
0000
0000
0000
0000
0000
0000
0000
0000
0000
0000
0000
0000
0000
0000
0000
0000
0000
0000
0000
0000
0000
0000
0000
0000
0000
0000
0000
0000
0000
0000
0000
0000
0000
0000
0000
0000
0000
0000
0000
0000
0000
0000
0000
0000
0000
0000
0000
0000
0000
0000
0000
0000
0000
0000
0000
0000
0000
0000
0000
0000
0000
0000
0000
0000
0000
0000
0000
0000
0000
0000
0000
0000
0000
0000
0000
0000
0000
0000
0000
0000
0000
0000
0000
0000
0000
0000
0000
0000
0000
0000
0000
0000
0000
0000
0000
0000
0000
0000
0000
0000
0000
0000
0000
0000
0000
0000
0000
0000
0000
0000
0000
0000
0000
0000
0000
0000
0000
0000
0000
0000
0000
0000
0000
0000
0000
0000
0000
0000
0000
0000
0000
0000
0000
0000
0000
0000
0000
0000
0000
0000
0000
0000
0000
0000
0000
0000
0000
0000
0000
0000
0000
0000
0000
0000
0000
0000
0000
0000
0000
0000
0000
0000
0000
0000
0000
0000
0000
0000
0000
0000
0000
0000
0000
0000
0000
0000
0000
0000
0000
0000
0000
0000
0000
0000
0000
0000
0000
0000
0000
0000
0000
0000
0000
0000
0000
0000
0000
0000
0000
0000
0000
0000
0000
0000
0000
0000
0000
0000
0000
0000
0000
0000
0000
0000
0000
0000
0000
0000
0000
0000
0000
0000
0000
0000
0000
0000
0000
0000
0000
0000
0000
0000
0000
0000
0000
0000
0000
0000
0000
0000
0000
0000
0000
0000
0000
0000
0000
0000
0000
0000
0000
0000
0000
0000
0000
0000
0000
0000
0000
0000
0000
0000
0000
0000
0000
0000
0000
0000
0000
0000
0000
0000
0000
0000
0000
0000
0000
0000
0000
0000
0000
0000
0000
0000
0000
0000
0000
0000
0000
0000
0000
0000
0000
0000
0000
0000
0000
0000
0000
0000
0000
0000
0000
0000
0000
0000
0000
0000
0000
0000
0000
0000
0000
0000
0000
0000
0000
0000
0000
0000
0000
0000
0000
0000
0000
0000
0000
0000
0000
0000
0000
0000
0000
0000
0000
0000
0000
0000
0000
0000
0000
0000
0000
0000
0000
0000
0000
0000
0000
0000
0000
0000
0000
0000
0000
0000
0000
0000
0000
0000
0000
0000
0000
0000
0000
0000
0000
0000
0000
0000
0000
0000
0000
0000
0000
0000
0000
0000
0000
0000
0000
0000
0000
0000
0000
0000
0000
0000
0000
0000
0000
0000
0000
0000
0000
0000
0000
0000
0000
0000
0000
0000
0000
0000
0000
0000
0000
0000
0000
0000
0000
0000
0000
0000
0000
0000
0000
0000
0000
0000
0000
0000
0000
0000
0000
0000
0000
0000
0000
0000
0000
0000
0000
0000
0000
0000
0000
0000
0000
0000
0000
0000
0000
0000
0000
0000
0000
0000
0000
0000
0000
0000
0000
0000
0000
0000
0000
0000
0000
0000
0000
0000
0000
0000
0000
0000
0000
0000
0000
0000
0000
0000
0000
0000
0000
0000
0000
0000
0000
0000
0000
0000
0000
0000
0000
0000
0000
0000
0000
0000
0000
0000
0000
0000
0000
0000
0000
0000
0000
0000
0000
0000
0000
0000
0000
0000
0000
0000
0000
0000
0000
0000
0000
0000
0000
0000
0000
0000
0000
0000
0000
0000
0000
0000
0000
0000
0000
0000
0000
0000
0000
0000
0000
0000
0000
0000
0000
0000
0000
0000
0000
0000
0000
0000
0000
0000
0000
0000
0000
0000
0000
0000
0000
0000
0000
0000
0000
0000
0000
0000
0000
0000
0000
0000
0000
0000
0000
0000
0000
0000
0000
0000
0000
0000
0000
0000
0000
0000
0000
0000
0000
0000
0000
0000
0000
0000
0000
0000
0000
0000
0000
0000
0000
0000
0000
0000
0000
0000
0000
0000
0000
0000
0000
0000
0000
0000
0000
0000
0000
0000
0000
0000
0000
0000
0000
0000
0000
0000
0000
0000
0000
0000
0000
0000
0000
0000
0000
0000
0000
0000
0000
0000
0000
0000
0000
0000
0000
0000
0000
0000
0000
0000
0000
0000
0000
0000
0000
0000
0000
0000
0000
0000
0000
0000
0000
0000
0000
0000
0000
0000
0000
0000
0000
0000
0000
0000
0000
0000
0000
0000
0000
0000
0000
0000
0000
0000
0000
0000
0000
0000
0000
0000
0000
0000
0000
0000
0000
0000
0000
0000
0000
0000
0000
0000
0000
0000
0000
0000
0000
0000
0000
0000
0000
0000
0000
0000
0000
0000
0000
0000
0000
0000
0000
0000
0000
0000
0000
0000
0000
0000
0000
0000
0000
0000
0000
0000
0000
0000
0000
0000
0000
0000
0000
0000
0000
0000
0000
0000
0000
0000
0000
0000
0000
0000
0000
0000
0000
0000
0000
0000
0000
0000
0000
0000
0000
0000
0000
0000
0000
0000
0000
0000
0000
0000
0000
0000
0000
0000
0000
0000
0000
0000
0000
0000
0000
0000
0000
0000
0000
0000
0000
0000
0000
0000
0000
0000
0000
0000
0000
0000
0000
0000
0000
0000
0000
0000
0000
0000
0000
0000
0000
0000
0000
0000
0000
0000
0000
0000
0000
0000
0000
0000
0000
0000
0000
0000
0000
0000
0000
0000
0000
0000
0000
0000
0000
0000
0000
0000
0000
0000
0000
0000
0000
0000
0000
0000
0000
0000
0000
0000
0000
0000
0000
0000
0000
0000
0000
0000
0000
0000
0000
0000
0000
0000
0000
0000
0000
0000
0000
0000
0000
0000
0000
0000
0000
0000
0000
0000
0000
0000
0000
0000
0000
0000
0000
0000
0000
0000
0000
0000
0000
0000
0000
0000
0000
0000
0000
0000
0000
0000
0000
0000
0000
0000
0000
0000
0000
0000
0000
0000
0000
0000
0000
0000
0000
0000
0000
0000
0000
0000
0000
0000
0000
0000
0000
0000
0000
0000
0000
0000
0000
0000
0000
0000
0000
0000
0000
0000
0000
0000
0000
0000
0000
0000
0000
0000
0000
0000
0000
0000
0000
0000
0000
0000
0000
0000
0000
0000
0000
0000
0000
0000
0000
0000
0000
0000
0000
0000
0000
0000
0000
0000
0000
0000
0000
0000
0000
0000
0000
0000
0000
0000
0000
0000
0000
0000
0000
0000
0000
0000
0000
0000
0000
0000
0000
0000
0000
0000
0000
0000
0000
0000
0000
0000
0000
0000
0000
0000
0000
0000
0000
0000
0000
0000
0000
0000
0000
0000
0000
0000
0000
0000
0000
0000
0000
0000
0000
0000
0000
0000
0000
0000
0000
0000
0000
0000
0000
0000
0000
0000
0000
0000
0000
0000
0000
0000
0000
0000
0000
0000
0000
0000
0000
0000
0000
0000
0000
0000
0000
0000
0000
0000
0000
0000
0000
0000
0000
0000
0000
0000
0000
0000
0000
0000
0000
0000
0000
0000
0000
0000
0000
0000
0000
0000
0000
0000
0000
0000
0000
0000
0000
0000
0000
0000
0000
0000
0000
0000
0000
0000
0000
0000
0000
0000
0000
0000
0000
0000
0000
0000
0000
0000
0000
0000
0000
0000
0000
0000
0000
0000
0000
0000
0000
0000
0000
0000
0000
0000
0000
0000
0000
0000
0000
0000
0000
0000
0000
0000
0000
0000
0000
0000
0000
0000
0000
0000
0000
0000
0000
0000
0000
0000
0000
0000
0000
0000
0000
0000
0000
0000
0000
0000
0000
0000
0000
0000
0000
0000
0000
0000
0000
0000
0000
0000
0000
0000
0000
0000
0000
0000
0000
0000
0000
0000
0000
0000
0000
0000
0000
0000
0000
0000
0000
0000
0000
0000
0000
0000
0000
0000
0000
0000
0000
0000
0000
0000
0000
0000
0000
0000
0000
0000
0000
0000
0000
0000
0000
0000
0000
0000
0000
0000
0000
0000
0000
0000
0000
0000
0000
0000
0000
0000
0000
0000
0000
0000
0000
0000
0000
0000
0000
0000
0000
0000
0000
0000
0000
0000
0000
0000
0000
0000
0000
0000
0000
0000
0000
0000
0000
0000
0000
0000
0000
0000
0000
0000
0000
0000
0000
0000
0000
0000
0000
0000
0000
0000
0000
0000
0000
0000
0000
0000
0000
0000
0000
0000
0000
0000
0000
0000
0000
0000
0000
0000
0000
0000
0000
0000
0000
0000
0000
0000
0000
0000
0000
0000
0000
0000
0000
0000
0000
0000
0000
0000
0000
0000
0000
0000
0000
0000
0000
0000
0000
0000
0000
0000
0000
0000
0000
0000
0000
0000
0000
0000
0000
0000
0000
0000
0000
0000
0000
0000
0000
0000
0000
0000
0000
0000
0000
0000
0000
0000
0000
0000
0000
0000
0000
0000
0000
0000
0000
0000
0000
0000
0000
0000
0000
0000
0000
0000
0000
0000
0000
0000
0000
0000
0000
0000
0000
0000
0000
0000
0000
0000
0000
0000
0000
0000
0000
0000
0000
0000
0000
0000
0000
0000
0000
0000
0000
0000
0000
0000
0000
0000
0000
0000
0000
0000
0000
0000
0000
0000
0000
0000
0000
0000
0000
0000
0000
0000
0000
0000
0000
0000
0000
0000
0000
0000
0000
0000
0000
0000
0000
0000
0000
0000
0000
0000
0000
0000
0000
0000
0000
0000
0000
0000
0000
0000
0000
0000
0000
0000
0000
0000
0000
0000
0000
0000
0000
0000
0000
0000
0000
0000
0000
0000
0000
0000
0000
0000
0000
0000
0000
0000
0000
0000
0000
0000
0000
0000
0000
0000
0000
0000
0000
0000
0000
0000
0000
0000
0000
0000
0000
0000
0000
0000
0000
0000
0000
0000
0000
0000
0000
0000
0000
0000
0000
0000
0000
0000
0000
0000
0000
0000
0000
0000
0000
0000
0000
0000
0000
0000
0000
0000
0000
0000
0000
0000
0000
0000
0000
0000
0000
0000
0000
0000
0000
0000
0000
0000
0000
0000
0000
0000
0000
0000
0000
0000
0000
0000
0000
0000
0000
0000
0000
0000
0000
0000
0000
0000
0000
0000
0000
0000
0000
0000
0000
0000
0000
0000
0000
0000
0000
0000
0000
0000
0000
0000
0000
0000
0000
0000
0000
0000
0000
0000
0000
0000
0000
0000
0000
0000
0000
0000
0000
0000
0000
0000
0000
0000
0000
0000
0000
0000
0000
0000
0000
0000
0000
0000
0000
0000
0000
0000
0000
0000
0000
0000
0000
0000
0000
0000
0000
0000
0000
0000
0000
0000
0000
0000
0000
0000
0000
0000
0000
0000
0000
0000
0000
0000
0000
0000
0000
0000
0000
0000
0000
0000
0000
0000
0000
0000
0000
0000
0000
0000
0000
0000
0000
0000
0000
0000
0000
0000
0000
0000
0000
0000
0000
0000
0000
0000
0000
0000
0000
0000
0000
0000
0000
0000
0000
0000
0000
0000
0000
0000
0000
0000
0000
0000
0000
0000
0000
0000
0000
0000
0000
0000
0000
0000
0000
0000
0000
0000
0000
0000
0000
0000
0000
0000
0000
0000
0000
0000
0000
0000
0000
0000
0000
0000
0000
0000
0000
0000
0000
0000
0000
0000
0000
0000
0000
0000
0000
0000
0000
0000
0000
0000
0000
0000
0000
0000
0000
0000
0000
0000
0000
0000
0000
0000
0000
0000
0000
0000
0000
0000
0000
0000
0000
0000
0000
0000
0000
0000
0000
0000
0000
0000
0000
0000
0000
0000
0000
0000
0000
0000
0000
0000
0000
0000
0000
0000
0000
0000
0000
0000
0000
0000
0000
0000
0000
0000
0000
0000
0000
0000
0000
0000
0000
0000
0000
0000
0000
0000
0000
0000
0000
0000
0000
0000
0000
0000
0000
0000
0000
0000
0000
0000
0000
0000
0000
0000
0000
0000
0000
0000
0000
0000
0000
0000
0000
0000
0000
0000
0000
0000
0000
0000
0000
0000
0000
0000
0000
0000
0000
0000
0000
0000
0000
0000
0000
0000
0000
0000
0000
0000
0000
0000
0000
0000
0000
0000
0000
0000
0000
0000
0000
0000
0000
0000
0000
0000
0000
0000
0000
0000
0000
0000
0000
0000
0000
0000
0000
0000
0000
0000
0000
0000
0000
0000
0000
0000
0000
0000
0000
0000
0000
0000
0000
0000
0000
0000
0000
0000
0000
0000
0000
0000
0000
0000
0000
0000
0000
0000
0000
0000
0000
0000
0000
0000
0000
0000
0000
0000
0000
0000
0000
0000
0000
0000
0000
0000
0000
0000
0000
0000
0000
0000
0000
0000
0000
0000
0000
0000
0000
0000
0000
0000
0000
0000
0000
0000
0000
0000
0000
0000
0000
0000
0000
0000
0000
0000
0000
0000
0000
0000
0000
0000
0000
0000
0000
0000
0000
0000
0000
0000
0000
0000
0000
0000
0000
0000
0000
0000
0000
0000
0000
0000
0000
0000
0000
0000
0000
0000
0000
0000
0000
0000
0000
0000
0000
0000
0000
0000
0000
0000
0000
0000
0000
0000
0000
0000
0000
0000
0000
0000
0000
0000
0000
0000
0000
0000
0000
0000
0000
0000
0000
0000
0000
0000
0000
0000
0000
0000
0000
0000
0000
0000
0000
0000
0000
0000
0000
0000
0000
0000
0000
0000
0000
0000
0000
0000
0000
0000
0000
0000
0000
0000
0000
0000
0000
0000
0000
0000
0000
0000
0000
0000
0000
0000
0000
0000
0000
0000
0000
0000
0000
0000
0000
0000
0000
0000
0000
0000
0000
0000
0000
0000
0000
0000
0000
0000
0000
0000
0000
0000
0000
0000
0000
0000
0000
0000
0000
0000
0000
0000
0000
0000
0000
0000
0000
0000
0000
0000
0000
0000
0000
0000
0000
0000
0000
0000
0000
0000
0000
0000
0000
0000
0000
0000
0000
0000
0000
0000
0000
0000
0000
0000
0000
0000
0000
0000
0000
0000
0000
0000
0000
0000
0000
0000
0000
0000
0000
0000
0000
0000
0000
0000
0000
0000
0000
0000
0000
0000
0000
0000
0000
0000
0000
0000
0000
0000
0000
0000
0000
0000
0000
0000
0000
0000
0000
0000
0000
0000
0000
0000
0000
0000
0000
0000
0000
0000
0000
0000
0000
0000
0000
0000
0000
0000
0000
0000
0000
0000
0000
0000
0000
0000
0000
0000
0000
0000
0000
0000
0000
0000
0000
0000
0000
0000
0000
0000
0000
0000
0000
0000
0000
0000
0000
0000
0000
0000
0000
0000
0000
0000
0000
0000
0000
0000
0000
0000
0000
0000
0000
0000
0000
0000
0000
0000
0000
0000
0000
0000
0000
0000
0000
0000
0000
0000
0000
0000
0000
0000
0000
0000
0000
0000
0000
0000
0000
0000
0000
0000
0000
0000
0000
0000
0000
0000
0000
0000
0000
0000
0000
0000
0000
0000
0000
0000
0000
0000
0000
0000
0000
0000
0000
0000
0000
0000
0000
0000
0000
0000
0000
0000
0000
0000
0000
0000
0000
0000
0000
0000
0000
0000
0000
0000
0000
0000
0000
0000
0000
0000
0000
0000
0000
0000
0000
0000
0000
0000
0000
0000
0000
0000
0000
0000
0000
0000
0000
0000
0000
0000
0000
0000
0000
0000
0000
0000
0000
0000
0000
0000
0000
0000
0000
0000
0000
0000
0000
0000
0000
0000
0000
0000
0000
0000
0000
0000
0000
0000
0000
0000
0000
0000
0000
0000
0000
0000
0000
0000
0000
0000
0000
0000
0000
0000
0000
0000
0000
0000
0000
0000
0000
0000
0000
0000
0000
0000
0000
0000
0000
0000
0000
0000
0000
0000
0000
0000
0000
0000
0000
0000
0000
0000
0000
0000
0000
0000
0000
0000
0000
0000
0000
0000
0000
0000
0000
0000
0000
0000
0000
0000
0000
0000
0000
0000
0000
0000
0000
0000
0000
0000
0000
0000
0000
0000
0000
0000
0000
0000
0000
0000
0000
0000
0000
0000
0000
0000
0000
0000
0000
0000
0000
0000
0000
0000
0000
0000
0000
0000
0000
0000
0000
0000
0000
0000
0000
0000
0000
0000
0000
0000
0000
0000
0000
0000
0000
0000
0000
0000
0000
0000
0000
0000
0000
0000
0000
0000
0000
0000
0000
0000
0000
0000
0000
0000
0000
0000
0000
0000
0000
0000
0000
0000
0000
0000
0000
0000
0000
0000
0000
0000
0000
0000
0000
0000
0000
0000
0000
0000
0000
0000
0000
0000
0000
0000
0000
0000
0000
0000
0000
0000
0000
0000
0000
0000
0000
0000
0000
0000
0000
0000
0000
0000
0000
0000
0000
0000
0000
0000
0000
0000
0000
0000
0000
0000
0000
0000
0000
0000
0000
0000
0000
0000
0000
0000
0000
0000
0000
0000
0000
0000
0000
0000
0000
0000
0000
0000
0000
0000
0000
0000
0000
0000
0000
0000
0000
0000
0000
0000
0000
0000
0000
0000
0000
0000
0000
0000
0000
0000
0000
0000
0000
0000
0000
0000
0000
0000
0000
0000
0000
0000
0000
0000
0000
0000
0000
0000
0000
0000
0000
0000
0000
0000
0000
0000
0000
0000
0000
0000
0000
0000
0000
0000
0000
0000
0000
0000
0000
0000
0000
0000
0000
0000
0000
0000
0000
0000
0000
0000
0000
0000
0000
0000
0000
0000
0000
0000
0000
0000
0000
0000
0000
0000
0000
0000
0000
0000
0000
0000
0000
0000
0000
0000
0000
0000
0000
0000
0000
0000
0000
0000
0000
0000
0000
0000
0000
0000
0000
0000
0000
0000
0000
0000
0000
0000
0000
0000
0000
0000
0000
0000
0000
0000
0000
0000
0000
0000
0000
0000
0000
0000
0000
0000
0000
0000
0000
0000
0000
0000
0000
0000
0000
0000
0000
0000
0000
0000
0000
0000
0000
0000
0000
0000
0000
0000
0000
0000
0000
0000
0000
0000
0000
0000
0000
0000
0000
0000
0000
0000
0000
0000
0000
0000
0000
0000
0000
0000
0000
0000
0000
0000
0000
0000
0000
0000
0000
0000
0000
0000
0000
0000
0000
0000
0000
0000
0000
0000
0000
0000
0000
0000
0000
0000
0000
0000
0000
0000
0000
0000
0000
0000
0000
0000
0000
0000
0000
0000
0000
0000
0000
0000
0000
0000
0000
0000
0000
0000
0000
0000
0000
0000
0000
0000
0000
0000
0000
0000
0000
0000
0000
0000
0000
0000
0000
0000
0000
0000
0000
0000
0000
0000
0000
0000
0000
0000
0000
0000
0000
0000
0000
0000
0000
0000
0000
0000
0000
0000
0000
0000
0000
0000
0000
0000
0000
0000
0000
0000
0000
0000
0000
0000
0000
0000
0000
0000
0000
0000
0000
0000
0000
0000
0000
0000
0000
0000
0000
0000
0000
0000
0000
0000
0000
0000
0000
0000
0000
0000
0000
0000
0000
0000
0000
0000
0000
0000
0000
0000
0000
0000
0000
0000
0000
0000
0000
0000
0000
0000
0000
0000
0000
0000
0000
0000
0000
0000
0000
0000
0000
0000
0000
0000
0000
0000
0000
0000
0000
0000
0000
0000
0000
0000
0000
0000
0000
0000
0000
0000
0000
0000
0000
0000
0000
0000
0000
0000
0000
0000
0000
0000
0000
0000
0000
0000
0000
0000
0000
0000
0000
0000
0000
0000
0000
0000
0000
0000
0000
0000
0000
0000
0000
0000
0000
0000
0000
0000
0000
0000
0000
0000
0000
0000
0000
0000
0000
0000
0000
0000
0000
0000
0000
0000
0000
0000
0000
0000
0000
0000
0000
0000
0000
0000
0000
0000
0000
0000
0000
0000
0000
0000
0000
0000
0000
0000
0000
0000
0000
0000
0000
0000
0000
0000
0000
0000
0000
0000
0000
0000
0000
0000
0000
0000
0000
0000
0000
0000
0000
0000
0000
0000
0000
0000
0000
0000
0000
0000
0000
0000
0000
0000
0000
0000
0000
0000
0000
0000
0000
0000
0000
0000
0000
0000
0000
0000
0000
0000
0000
0000
0000
0000
0000
0000
0000
0000
0000
0000
0000
0000
0000
0000
0000
0000
0000
0000
0000
0000
0000
0000
0000
0000
0000
0000
0000
0000
0000
0000
0000
0000
0000
0000
0000
0000
0000
0000
0000
0000
0000
0000
0000
0000
0000
0000
0000
0000
0000
0000
0000
0000
0000
0000
0000
0000
0000
0000
0000
0000
0000
0000
0000
0000
0000
0000
0000
0000
0000
0000
0000
0000
0000
0000
0000
0000
0000
0000
0000
0000
0000
0000
0000
0000
0000
0000
0000
0000
0000
0000
0000
0000
0000
0000
0000
0000
0000
0000
0000
0000
0000
0000
0000
0000
0000
0000
0000
0000
0000
0000
0000
0000
0000
0000
0000
0000
0000
0000
0000
0000
0000
0000
0000
0000
0000
0000
0000
0000
0000
0000
0000
0000
0000
0000
0000
0000
0000
0000
0000
0000
0000
0000
0000
0000
0000
0000
0000
0000
0000
0000
0000
0000
0000
0000
0000
0000
0000
0000
0000
0000
0000
0000
0000
0000
0000
0000
0000
0000
0000
0000
0000
0000
0000
0000
0000
0000
0000
0000
0000
0000
0000
0000
0000
0000
0000
0000
0000
0000
0000
0000
0000
0000
0000
0000
0000
0000
0000
0000
0000
0000
0000
0000
0000
0000
0000
0000
0000
0000
0000
0000
0000
0000
0000
0000
0000
0000
0000
0000
0000
0000
0000
0000
0000
0000
0000
0000
0000
0000
0000
0000
0000
0000
0000
0000
0000
0000
0000
0000
0000
0000
0000
0000
0000
0000
0000
0000
0000
0000
0000
0000
0000
0000
0000
0000
0000
0000
0000
0000
0000
0000
0000
0000
0000
0000
0000
0000
0000
0000
0000
0000
0000
0000
0000
0000
0000
0000
0000
0000
0000
0000
0000
0000
0000
0000
0000
0000
0000
0000
0000
0000
0000
0000
0000
0000
0000
0000
0000
0000
0000
0000
0000
0000
0000
0000
0000
0000
0000
0000
0000
0000
0000
0000
0000
0000
0000
0000
0000
0000
0000
0000
0000
0000
0000
0000
0000
0000
0000
0000
0000
0000
0000
0000
0000
0000
0000
0000
0000
0000
0000
0000
0000
0000
0000
0000
0000
0000
0000
0000
0000
0000
0000
0000
0000
0000
0000
0000
0000
0000
0000
0000
0000
0000
0000
0000
0000
0000
0000
0000
0000
0000
0000
0000
0000
0000
0000
0000
0000
0000
0000
0000
0000
0000
0000
0000
0000
0000
0000
0000
0000
0000
0000
0000
0000
0000
0000
0000
0000
0000
0000
0000
0000
0000
0000
0000
0000
0000
0000
0000
0000
0000
0000
0000
0000
0000
0000
0000
0000
0000
0000
0000
0000
0000
0000
0000
0000
0000
0000
0000
0000
0000
0000
0000
0000
0000
0000
0000
0000
0000
0000
0000
0000
0000
0000
0000
0000
0000
0000
0000
0000
0000
0000
0000
0000
0000
0000
0000
0000
0000
0000
0000
0000
0000
0000
0000
0000
0000
0000
0000
0000
0000
0000
0000
0000
0000
0000
0000
0000
0000
0000
0000
0000
0000
0000
0000
0000
0000
0000
0000
0000
0000
0000
0000
0000
0000
0000
0000
0000
0000
0000
0000
0000
0000
0000
0000
0000
0000
0000
0000
0000
0000
0000
0000
0000
0000
0000
0000
0000
0000
0000
0000
0000
0000
0000
0000
0000
0000
0000
0000
0000
0000
0000
0000
0000
0000
0000
0000
0000
0000
0000
0000
0000
0000
0000
0000
0000
0000
0000
0000
0000
0000
0000
0000
0000
0000
0000
0000
0000
0000
0000
0000
0000
0000
0000
0000
0000
0000
0000
0000
0000
0000
0000
0000
0000
0000
0000
0000
0000
0000
0000
0000
0000
0000
0000
0000
0000
0000
0000
0000
0000
0000
0000
0000
0000
0000
0000
0000
0000
0000
0000
0000
0000
0000
0000
0000
0000
0000
0000
0000
0000
0000
0000
0000
0000
0000
0000
0000
0000
0000
0000
0000
0000
0000
0000
0000
0000
0000
0000
0000
0000
0000
0000
0000
0000
0000
0000
0000
0000
0000
0000
0000
0000
0000
0000
0000
0000
0000
0000
0000
0000
0000
0000
0000
0000
0000
0000
0000
0000
0000
0000
0000
0000
0000
0000
0000
0000
0000
0000
0000
0000
0000
0000
0000
0000
0000
0000
0000
0000
0000
0000
0000
0000
0000
0000
0000
0000
0000
0000
0000
0000
0000
0000
0000
0000
0000
0000
0000
0000
0000
0000
0000
0000
0000
0000
0000
0000
0000
0000
0000
0000
0000
0000
0000
0000
0000
0000
0000
0000
0000
0000
0000
0000
0000
0000
0000
0000
0000
0000
0000
0000
0000
0000
0000
0000
0000
0000
0000
0000
0000
0000
0000
0000
0000
0000
0000
0000
0000
0000
0000
0000
0000
0000
0000
0000
0000
0000
0000
0000
0000
0000
0000
0000
0000
0000
0000
0000
0000
0000
0000
0000
0000
0000
0000
0000
0000
0000
0000
0000
0000
0000
0000
0000
0000
0000
0000
0000
0000
0000
0000
0000
0000
0000
0000
0000
0000
0000
0000
0000
0000
0000
0000
0000
0000
0000
0000
0000
0000
0000
0000
0000
0000
0000
0000
0000
0000
0000
0000
0000
0000
0000
0000
0000
0000
0000
0000
0000
0000
0000
0000
0000
0000
0000
0000
0000
0000
0000
0000
0000
0000
0000
0000
0000
0000
0000
0000
0000
0000
0000
0000
0000
0000
0000
0000
0000
0000
0000
0000
0000
0000
0000
0000
0000
0000
0000
0000
0000
0000
0000
0000
0000
0000
0000
0000
0000
0000
0000
0000
0000
0000
0000
0000
0000
0000
0000
0000
0000
0000
0000
0000
0000
0000
0000
0000
0000
0000
0000
0000
0000
0000
0000
0000
0000
0000
0000
0000
0000
0000
0000
0000
0000
0000
0000
0000
0000
0000
0000
0000
0000
0000
0000
0000
0000
0000
0000
0000
0000
0000
0000
0000
0000
0000
0000
0000
0000
0000
0000
0000
0000
0000
0000
0000
0000
0000
0000
0000
0000
0000
0000
0000
0000
0000
0000
0000
0000
0000
0000
0000
0000
0000
0000
0000
0000
0000
0000
0000
0000
0000
0000
0000
0000
0000
0000
0000
0000
0000
0000
0000
0000
0000
0000
0000
0000
0000
0000
0000
0000
0000
0000
0000
0000
0000
0000
0000
0000
0000
0000
0000
0000
0000
0000
0000
0000
0000
0000
0000
0000
0000
0000
0000
0000
0000
0000
0000
0000
0000
0000
0000
0000
0000
0000
0000
0000
0000
0000
0000
0000
0000
0000
0000
0000
0000
0000
0000
0000
0000
0000
0000
0000
0000
0000
0000
0000
0000
0000
0000
0000
0000
0000
0000
0000
0000
0000
0000
0000
0000
0000
0000
0000
0000
0000
0000
0000
0000
0000
0000
0000
0000
0000
0000
0000
0000
0000
0000
0000
0000
0000
0000
0000
0000
0000
0000
0000
0000
0000
0000
0000
0000
0000
0000
0000
0000
0000
0000
0000
0000
0000
0000
0000
0000
0000
0000
0000
0000
0000
0000
0000
0000
0000
0000
0000
0000
0000
0000
0000
0000
0000
0000
0000
0000
0000
0000
0000
0000
0000
0000
0000
0000
0000
0000
0000
0000
0000
0000
0000
0000
0000
0000
0000
0000
0000
0000
0000
0000
0000
0000
0000
0000
0000
0000
0000
0000
0000
0000
0000
0000
0000
0000
0000
0000
0000
0000
0000
0000
0000
0000
0000
0000
0000
0000
0000
0000
0000
0000
0000
0000
0000
0000
0000
0000
0000
0000
0000
0000
0000
0000
0000
0000
0000
0000
0000
0000
0000
0000
0000
0000
0000
0000
0000
0000
0000
0000
0000
0000
0000
0000
0000
0000
0000
0000
0000
0000
0000
0000
0000
0000
0000
0000
0000
0000
0000
0000
0000
0000
0000
0000
0000
0000
0000
0000
0000
0000
0000
0000
0000
0000
0000
0000
0000
0000
0000
0000
0000
0000
0000
0000
0000
0000
0000
0000
0000
0000
0000
0000
0000
0000
0000
0000
0000
0000
0000
0000
0000
0000
0000
0000
0000
0000
0000
0000
0000
0000
0000
0000
0000
0000
0000
0000
0000
0000
0000
0000
0000
0000
0000
0000
0000
0000
0000
0000
0000
0000
0000
0000
0000
0000
0000
0000
0000
0000
0000
0000
0000
0000
0000
0000
0000
0000
0000
0000
0000
0000
0000
0000
0000
0000
0000
0000
0000
0000
0000
0000
0000
0000
0000
0000
0000
0000
0000
0000
0000
0000
0000
0000
0000
0000
0000
0000
0000
0000
0000
0000
0000
0000
0000
0000
0000
0000
0000
0000
0000
0000
0000
0000
0000
0000
0000
0000
0000
0000
0000
0000
0000
0000
0000
0000
0000
0000
0000
0000
0000
0000
0000
0000
0000
0000
0000
0000
0000
0000
0000
0000
0000
0000
0000
0000
0000
0000
0000
0000
0000
0000
0000
0000
0000
0000
0000
0000
0000
0000
0000
0000
0000
0000
0000
0000
0000
0000
0000
0000
0000
0000
0000
0000
0000
0000
0000
0000
0000
0000
0000
0000
0000
0000
0000
0000
0000
0000
0000
0000
0000
0000
0000
0000
0000
0000
0000
0000
0000
0000
0000
0000
0000
0000
0000
0000
0000
0000
0000
0000
0000
0000
0000
0000
0000
0000
0000
0000
0000
0000
0000
0000
0000
0000
0000
0000
0000
0000
0000
0000
0000
0000
0000
0000
0000
0000
0000
0000
0000
0000
0000
0000
0000
0000
0000
0000
0000
0000
0000
0000
0000
0000
0000
0000
0000
0000
0000
0000
0000
0000
0000
0000
0000
0000
0000
0000
0000
0000
0000
0000
0000
0000
0000
0000
0000
0000
0000
0000
0000
0000
0000
0000
0000
0000
0000
0000
0000
0000
0000
0000
0000
0000
0000
0000
0000
0000
0000
0000
0000
0000
0000
0000
0000
0000
0000
0000
0000
0000
0000
0000
0000
0000
0000
0000
0000
0000
0000
0000
0000
0000
0000
0000
0000
0000
0000
0000
0000
0000
0000
0000
0000
0000
0000
0000
0000
0000
0000
0000
0000
0000
0000
0000
0000
0000
0000
0000
0000
0000
0000
0000
0000
0000
0000
0000
0000
0000
0000
0000
0000
0000
0000
0000
0000
0000
0000
0000
0000
0000
0000
0000
0000
0000
0000
0000
0000
0000
0000
0000
0000
0000
0000
0000
0000
0000
0000
0000
0000
0000
0000
0000
0000
0000
0000
0000
0000
0000
0000
0000
0000
0000
0000
0000
0000
0000
0000
0000
0000
0000
0000
0000
0000
0000
0000
0000
0000
0000
0000
0000
0000
0000
0000
0000
0000
0000
0000
0000
0000
0000
0000
0000
0000
0000
0000
0000
0000
0000
0000
0000
0000
0000
0000
0000
0000
0000
0000
0000
0000
0000
0000
0000
0000
0000
0000
0000
0000
0000
0000
0000
0000
0000
0000
0000
0000
0000
0000
0000
0000
0000
0000
0000
0000
0000
0000
0000
0000
0000
0000
0000
0000
0000
0000
0000
0000
0000
0000
0000
0000
0000
0000
0000
0000
0000
0000
0000
0000
0000
0000
0000
0000
0000
0000
0000
0000
0000
0000
0000
0000
0000
0000
0000
0000
0000
0000
0000
0000
0000
0000
0000
0000
0000
0000
0000
0000
0000
0000
0000
0000
0000
0000
0000
0000
0000
0000
0000
0000
0000
0000
0000
0000
0000
0000
0000
0000
0000
0000
0000
0000
0000
0000
0000
0000
0000
0000
0000
0000
0000
0000
0000
0000
0000
0000
0000
0000
0000
0000
0000
0000
0000
0000
0000
0000
0000
0000
0000
0000
0000
0000
0000
0000
0000
0000
0000
0000
0000
0000
0000
0000
0000
0000
0000
0000
0000
0000
0000
0000
0000
0000
0000
0000
0000
0000
0000
0000
0000
0000
0000
0000
0000
0000
0000
0000
0000
0000
0000
0000
0000
0000
0000
0000
0000
0000
0000
0000
0000
0000
0000
0000
0000
0000
0000
0000
0000
0000
0000
0000
0000
0000
0000
0000
0000
0000
0000
0000
0000
0000
0000
0000
0000
0000
0000
0000
0000
0000
0000
0000
0000
0000
0000
0000
0000
0000
0000
0000
0000
0000
0000
0000
0000
0000
0000
0000
0000
0000
0000
0000
0000
0000
0000
0000
0000
0000
0000
0000
0000
0000
0000
0000
0000
0000
0000
0000
0000
0000
0000
0000
0000
D001
AAAA
0006
0000
0000
0000
0000
0000
0000
0644
0644
0804
025A
0112
0003
0A00
0000
070F
0022
0000
2214
D845
BB00
5405
4012
2540
2403
516C
4110
204F
0017
0000
6170
4110
4411
DEBD
1288
000C
2045
FFD0
BEBF
0B10
FFE1
0A0C
FFED
0709
FFF6
0143
